id,chronological_order,working_title,one_line_summary,life_stage,story_arc,characters,locations,themes,source_tier,primary_work,primary_book,primary_chapter,verse_range,festival_tags,age_sensitivity,estimated_story_strength,visual_potential,independent_story_score,source_confidence,variant_notes
DKS_0001,1,"Earth, Oppressed by Demon-Kings, Seeks Brahma","The Earth, burdened by arrogant demon kings, takes the form of a weeping cow and appeals to Brahma for relief.",other,prophecy_of_kamsa,Earth; Brahma,Earth,oppression; deliverance; compassion,A,"Srimad Bhagavata Purana (Sanskrit, GRETIL)",10,1,16-17,,all,3,3,2,5,
DKS_0002,2,Vishnu Promises to Descend into the House of Vasudeva,Brahma and the gods carry the Earth's plea to Vishnu on the milk ocean; a divine voice declares Vishnu will be born in Vasudeva's house and that the gods should descend as helpers.,other,prophecy_of_kamsa,Brahma; Vishnu; gods; Earth,Milk Ocean,divine_will; deliverance; cosmic_order,A,"Srimad Bhagavata Purana (Sanskrit, GRETIL)",10,1,18-24,,all,3,3,2,5,
DKS_0003,3,The Doom Prophecy Warns Kamsa of Devaki's Eighth Child,"At Vasudeva's wedding procession, Kamsa drives the chariot and hears a bodiless voice declare that Devaki's eighth child will slay him.",birth,prophecy_of_kamsa,Kamsa; Vasudeva; Devaki,Mathura,prophecy; fate; fear,A,"Srimad Bhagavata Purana (Sanskrit, GRETIL)",10,1,28-33,Janmashtami,mild_violence,4,4,4,5,BP/VP: a bodiless heavenly voice warns at the wedding; HV: Narada delivers the warning. VP 5.1 also folds in the pacification beat.
DKS_0004,4,Vasudeva Pacifies Kamsa and Promises to Surrender His Sons,"Kamsa seizes Devaki to kill her, but Vasudeva placates him with reasoning and vows to surrender every newborn son to him.",birth,prophecy_of_kamsa,Vasudeva; Kamsa; Devaki,Mathura,diplomacy; fear; protection,A,"Srimad Bhagavata Purana (Sanskrit, GRETIL)",10,1,34-54,,mild_violence,4,3,3,5,See also 'prophecy' (VP 5.1 combines warning + pacification).
DKS_0005,5,Kamsa Imprisons Devaki and Destroys Her Children,"After Narada reveals that the gods are incarnating among the Yadavas, Kamsa imprisons Devaki and Vasudeva and kills each child as it is born.",birth,prophecy_of_kamsa,Kamsa; Devaki; Vasudeva; Narada,Mathura,tyranny; prophecy; suffering,A,"Srimad Bhagavata Purana (Sanskrit, GRETIL)",10,1,55-68,,mild_violence,4,3,3,5,
DKS_0006,6,Kamsa's Ministers Counsel Slaughtering the Righteous,"Kamsa's demon ministers urge him to kill all newborn children and to destroy the brahmanas, cows and all in whom Vishnu dwells.",birth,prophecy_of_kamsa,Kamsa; demon ministers,Mathura,evil_counsel; persecution,A,"Srimad Bhagavata Purana (Sanskrit, GRETIL)",10,4,28-41,,mild_violence,3,3,2,5,
DKS_0007,7,Kamsa Orders the Slaughter of Children and the Pious,"Kamsa dispatches shape-shifting demons across the land to massacre the sages' and infants' protectors, and returns to his palace.",birth,prophecy_of_kamsa,Kamsa; demons,Mathura,tyranny; persecution,A,"Srimad Bhagavata Purana (Sanskrit, GRETIL)",10,4,42-46,,mild_violence,3,3,3,5,VP 5.4 also includes the release of Vasudeva and Devaki.
DKS_0008,8,Vishnu Resolves to Incarnate to Relieve the Earth,"Narada tells Vishnu that the gods' incarnations alone cannot destroy the demons reborn as kings, and urges him to descend himself.",birth,birth_of_krishna,Narada; Vishnu; gods,Sumeru; celestial region,divine counsel; earth's burden,A,"Harivamsha (Dutt, Gutenberg #61937)",1,54,,,all,3,3,3,4,"VP: Earth petitions at Meru and Vishnu plucks black/white hairs; HV: Narada urges Vishnu, Brahma foretells the birth."
DKS_0009,9,Devaki's Seventh Embryo Is Transferred to Rohini (Balarama Born),"The seventh embryo is transferred from Devaki to Rohini by the goddess of sleep, and the child is born as Sankarshana (Balarama).",birth,birth_of_krishna,Devaki; Rohini; goddess of sleep; Balarama,Mathura,divine plan; birth,A,"Harivamsha (Dutt, Gutenberg #61937)",1,59,,,all,3,2,3,4,Execution of the command in 'command_yogamaya'; see also 'conception' (VP 5.2 covers this transfer).
DKS_0010,10,Kamsa Repents and Devaki Forgives Him,"Kansa, ashamed, confesses to Devaki and throws himself at her feet; Devaki forgives him, saying Time alone is the instrument.",birth,birth_of_krishna,Kansa; Devaki,Mathura,repentance; forgiveness,A,"Harivamsha (Dutt, Gutenberg #61937)",1,59,,,all,3,2,3,4,HV-specific; BP 10.4.2 folds repentance into the Yogamaya episode.
DKS_0011,11,The Conception of Devaki and the Six Demon Embryos,"Vishnu enters Vasudeva's mind; Devaki conceives the Lord and glows with brilliance, and Kamsa, though uneasy, refrains from harming her.",birth,birth_of_krishna,Vishnu; Vasudeva; Devaki; Kamsa,Mathura,incarnation; awe; forbearance,A,"Srimad Bhagavata Purana (Sanskrit, GRETIL)",10,2,15-23,Janmashtami,all,4,4,3,5,HV gives the backstory (six Saragarbha demons cursed by Hiranyakashipu); BP omits the six-embryo detail.
DKS_0012,12,The Gods Praise the Unborn Lord in Devaki's Womb,"Brahma, Shiva and the host of gods descend to praise the unborn Lord in Devaki's womb and then depart.",birth,birth_of_krishna,Brahma; Shiva; gods; Devaki,Mathura,devotion; praise,A,"Srimad Bhagavata Purana (Sanskrit, GRETIL)",10,2,24-42,Janmashtami,all,2,3,1,5,
DKS_0013,13,Krishna Is Born at Midnight in the Prison,"At a supremely auspicious hour, with nature rejoicing, Krishna is born of Devaki in the prison at midnight.",birth,birth_of_krishna,Krishna; Devaki; Vasudeva,Mathura,birth; auspiciousness; divine_manifestation,A,"Srimad Bhagavata Purana (Sanskrit, GRETIL)",10,3,1-7,Janmashtami,all,5,5,4,5,VP 5.3 also includes the four-armed form and withholding of it (see 'reveal_form').
DKS_0014,14,Krishna Reveals His Divine Form and Recalls Past Births,"The infant reveals a four-armed form bearing conch and discus; Vasudeva and Devaki praise him, and he recalls his earlier births to them before resuming an ordinary infant form.",birth,birth_of_krishna,Krishna; Vasudeva; Devaki,Mathura,theophany; devotion; remembrance,A,"Srimad Bhagavata Purana (Sanskrit, GRETIL)",10,3,8-45,Janmashtami,all,4,5,3,5,See also 'birth' (VP 5.3 folds this in).
DKS_0015,15,Kamsa Comes to Slay the Newborn Girl,"Awakened by the guards, Kamsa rushes to the prison and snatches the newborn girl from Devaki, who pleads for her life.",birth,birth_of_krishna,Kamsa; Devaki,Mathura,cruelty; mother's_plea,A,"Srimad Bhagavata Purana (Sanskrit, GRETIL)",10,4,1-6,,mild_violence,4,4,3,5,See also 'yogamaya_warn' (the dashing that follows).
DKS_0016,16,Uddhava Recalls Krishna's Birth and Removal to Vraja,"Uddhava recalls that Krishna was born of Vasudeva and Devaki in Bhoja's prison to relieve the earth's burden, and was carried by his father, fearing Kamsa, to Nanda's Vraja, where he lived hidden for eleven years with Balarama.",gokul,krishna_reaches_gokul,Krishna; Vasudeva; Devaki; Nanda; Balarama; Kamsa,Mathura; Nanda's Vraja,birth; removal to Gokula; protection; divine descent,A,"Srimad Bhagavata Purana (Sanskrit, GRETIL)",3,2,24-25,,all,4,3,4,5,"Compressed recollection spanning the birth and exchange (see 'birth','exchange')."
DKS_0017,17,Nanda Brings the Infants Home to Gokula,"Set at liberty, Vasudeva bids Nanda take both Krishna and Balarama to Gokula to be reared as his own sons; Nanda and the cowherds return with their waggons.",gokul,krishna_reaches_gokul,Vasudeva; Nanda; Krishna; Balarama,Mathura; Gokula,fosterage; return_home,A,Vishnu Purana (Wilson 1840),5,5,,,all,2,2,2,4,
DKS_0018,18,Vasudeva Carries Krishna Out of Prison Across the Yamuna,"Prompted by the Lord, Vasudeva carries the baby out; the prison doors open by themselves, Shesha shelters them from rain, and the Yamuna parts to give passage.",birth,krishna_reaches_gokul,Vasudeva; Krishna; Shesha,Mathura; Yamuna river,divine_escape; protection; miracle,A,"Srimad Bhagavata Purana (Sanskrit, GRETIL)",10,3,46-49,Janmashtami,all,5,5,4,5,VP 5.3 also includes the exchange at Gokula (see 'exchange').
DKS_0019,19,Vasudeva Exchanges Krishna for Yashoda's Daughter,Vasudeva places Krishna in Yasoda's bed in Nanda's Gokula and carries Yasoda's newborn daughter back to Mathura.,birth,krishna_reaches_gokul,Vasudeva; Krishna; Yasoda,Gokula; Mathura,exchange; concealment; destiny,A,"Srimad Bhagavata Purana (Sanskrit, GRETIL)",10,3,50-52,,all,4,4,3,5,
DKS_0020,20,Nanda Celebrates the Birth of His Son,"Nanda performs the birth rites with lavish gifts of cows and gold, and the whole of Gokula rejoices over the newborn child.",gokul,krishna_reaches_gokul,Nanda; Yasoda; Rohini; cowherds,Gokula,celebration; generosity; joy,A,"Srimad Bhagavata Purana (Sanskrit, GRETIL)",10,5,1-17,,all,3,4,2,5,
DKS_0021,21,Nanda Visits Mathura and Meets Vasudeva,"Nanda goes to Mathura to pay his annual tribute, and Vasudeva joyfully embraces him as a brother.",gokul,krishna_reaches_gokul,Nanda; Vasudeva,Mathura; Gokula,friendship; kinship,A,"Srimad Bhagavata Purana (Sanskrit, GRETIL)",10,5,18-20,,all,2,2,1,5,
DKS_0022,22,Vasudeva Warns Nanda of Danger in Gokula,"Vasudeva affectionately inquires after his sons and urges Nanda to return quickly to Gokula, for evil omens are gathering there.",gokul,krishna_reaches_gokul,Vasudeva; Nanda,Mathura; Gokula,forewarning; protection,A,"Srimad Bhagavata Purana (Sanskrit, GRETIL)",10,5,21-32,,all,3,3,2,5,
DKS_0023,23,Putana Enters Gokula Disguised as a Woman,"Kamsa's agent Putana, a demoness who kills infants, disguises herself as a beautiful woman and enters Nanda's village.",gokul,early_gokul_childhood,Putana; Kamsa,Gokula,deception; danger,A,"Srimad Bhagavata Purana (Sanskrit, GRETIL)",10,6,1-5,,mild_violence,4,4,3,5,See also 'putana_kill'.
DKS_0024,24,Krishna Drains the Demoness Putana's Life,"Putana offers the baby her poisoned breast, but Krishna sucks out her very life-breath, and she falls dead, revealing her true demon form.",gokul,early_gokul_childhood,Krishna; Putana,Gokula,protection; divine_power; justice,A,"Srimad Bhagavata Purana (Sanskrit, GRETIL)",10,6,6-12,,mild_violence,5,5,4,5,bpc1_032 is Uddhava's recollection of the same episode.
DKS_0025,25,The Villagers Burn Putana's Body,"The gopis perform protective rites over the child, and the cowherds cut up and burn Putana's vast corpse, from which rises a fragrant smoke, for she attained a mother's reward.",gokul,early_gokul_childhood,Krishna; Yasoda; Rohini; cowherds; Putana,Gokula,purification; grace,A,"Srimad Bhagavata Purana (Sanskrit, GRETIL)",10,6,13-33,,mild_violence,4,4,3,5,
DKS_0026,26,The Infant Krishna Overturns the Cart with His Foot,"During the birth ceremonies, the unattended infant kicks the great cart, shattering it and scattering its vessels, to the astonishment of all.",gokul,early_gokul_childhood,Krishna; Yasoda,Gokula,wonder; divine_strength,A,"Srimad Bhagavata Purana (Sanskrit, GRETIL)",10,7,3-16,,all,4,5,4,5,
DKS_0027,27,Trinavarta the Whirlwind Carries Off the Baby,"Kamsa's servant Trinavarta, in the form of a whirlwind, snatches the child away, blinding Gokula with dust as Yasoda searches in vain.",gokul,early_gokul_childhood,Trinavarta; Krishna; Yasoda,Gokula,danger; separation,A,"Srimad Bhagavata Purana (Sanskrit, GRETIL)",10,7,17-24,,mild_violence,4,4,3,5,
DKS_0028,28,Trinavarta Is Crushed by the Child's Weight,"Unable to carry the ever-heavier baby through the sky, Trinavarta falls onto a rock and is crushed, while the child is found safe on his chest.",gokul,early_gokul_childhood,Krishna; Trinavarta,Gokula,divine_power; rescue,A,"Srimad Bhagavata Purana (Sanskrit, GRETIL)",10,7,25-32,,mild_violence,5,5,4,5,
DKS_0029,29,Yasoda Sees the Universe in the Nursing Child's Mouth,"As Yasoda nurses the yawning child, she glimpses the whole cosmos within his open mouth and trembles in wonder.",gokul,early_gokul_childhood,Krishna; Yasoda,Gokula,cosmic_vision; wonder,A,"Srimad Bhagavata Purana (Sanskrit, GRETIL)",10,7,33-37,,all,4,5,3,5,
DKS_0030,30,Garga Secretly Names Rama and Krishna,"The family priest Garga, sent by Vasudeva, secretly performs the naming ceremony, calling the boys Rama and Krishna, and foretells their glories.",gokul,early_gokul_childhood,Garga; Nanda; Krishna; Balarama,Gokula,naming; prophecy; concealment,A,"Srimad Bhagavata Purana (Sanskrit, GRETIL)",10,8,1-19,,all,3,3,2,5,
DKS_0031,31,Krishna and Rama's Childhood Pranks and Butter-Stealing,"The two boys crawl and toddle about Gokula, and Krishna steals butter and curds from the gopis' homes with playful tricks.",gokul,early_gokul_childhood,Krishna; Balarama; gopis,Gokula,playfulness; mischief,A,"Srimad Bhagavata Purana (Sanskrit, GRETIL)",10,8,20-30,,all,4,4,3,5,
DKS_0032,32,Krishna Eats Mud and Shows the Cosmos in His Mouth,"Accused of eating dirt, Krishna opens his mouth before Yasoda, who sees the entire universe within it and is overwhelmed.",gokul,early_gokul_childhood,Krishna; Yasoda,Gokula,cosmic_vision; mother's_love,A,"Srimad Bhagavata Purana (Sanskrit, GRETIL)",10,8,31-45,,all,4,5,4,5,
DKS_0033,33,Krishna Breaks the Butter Pot,"While Yasoda churns, the hungry child climbs onto her lap; when she leaves, he breaks the churn-pot, steals the butter and feeds it to the monkeys, then flees as she chases him.",gokul,early_gokul_childhood,Krishna; Yasoda,Gokula,mischief; mother's_chase,A,"Srimad Bhagavata Purana (Sanskrit, GRETIL)",10,9,1-10,,all,4,4,3,5,
DKS_0034,34,Yasoda Binds Krishna to the Mortar,"Yasoda tries to tie the mischievous Krishna with a rope, but every rope falls short by two fingers, until, moved by her effort, he lets himself be bound.",gokul,early_gokul_childhood,Krishna; Yasoda,Gokula,surrender; mother's_love,A,"Srimad Bhagavata Purana (Sanskrit, GRETIL)",10,9,11-20,,all,4,4,3,5,HV 1.62 and VP 5.6 fold this binding into the uprooting episode (see 'uproot_trees').
DKS_0035,35,Krishna Uproots the Twin Arjuna Trees (Named Damodara),"Dragging the mortar to which he is tied, the crawling Krishna passes between the two trees and uproots them.",gokul,early_gokul_childhood,Krishna,Gokula,liberation; divine_strength,A,"Srimad Bhagavata Purana (Sanskrit, GRETIL)",10,10,23-26,,all,4,5,4,5,HV/VP fold in the mortar-binding beat.
DKS_0036,36,The Two Devotees Are Liberated from the Trees,"From the fallen trees emerge two radiant beings who bow to Krishna, praise him, and, released from their curse, depart to the north.",gokul,early_gokul_childhood,Nalakuvara; Manigriva; Krishna,Gokula,liberation; devotion,A,"Srimad Bhagavata Purana (Sanskrit, GRETIL)",10,10,27-43,,all,4,4,3,5,
DKS_0037,37,The Fruit-Seller Receives a Gift of Jewels,"Krishna takes grain to barter for fruit, but the fruit-seller's basket fills with gems as her fruit spills into his hands.",gokul,early_gokul_childhood,Krishna; fruit-seller,Gokula,grace; generosity,A,"Srimad Bhagavata Purana (Sanskrit, GRETIL)",10,11,6-10,,all,3,3,3,5,
DKS_0038,38,The Cowherds Decide to Migrate to Vrindavan,"Citing the many evil omens that have befallen Gokula, the elder Upananda persuades the cowherds to migrate with their herds.",gokul,early_gokul_childhood,Upananda; Nanda; cowherds,Gokula,prudence; community,A,"Srimad Bhagavata Purana (Sanskrit, GRETIL)",10,11,20-30,,all,3,2,2,5,"BP: prompted by Upananda citing omens; VP: alarmed by Putana's death, the waggon and the trees."
DKS_0039,39,Krishna Conjures Wolves to Move the Milkmen to Vrindavan,"Desiring a new forest, Krishna produces hundreds of wolves from his body to terrify the milkmen so they will abandon Vraja for Vrindavan.",vrindavan,vrindavan_childhood,Krishna; Sangkarshana; milkmen,Vraja; Vrindavan; Govardhana,divine play; migration,A,"Harivamsha (Dutt, Gutenberg #61937)",1,58,,,all,3,4,3,4,HV's version of the migration; BP/VP attribute the move to omens/portents instead (see 'migrate_decision').
DKS_0040,40,Uddhava Recalls Krishna's Cowherd Childhood and Kamsa's Demons,"Uddhava recalls Krishna's childhood in Vraja — herding calves and cows with the cowherd boys on the Yamuna, playing the flute — and how he playfully defeated the shape-shifting demons Kamsa sent against him.",vrindavan,vrindavan_childhood,Krishna; Balarama; the cowherd boys; Kamsa's demons,Vrindavan; the Yamuna groves,childhood play; the flute; demon-slaying,A,"Srimad Bhagavata Purana (Sanskrit, GRETIL)",3,2,26-29,,all,3,4,3,5,General recollection; see specific demon episodes.
DKS_0041,41,Krishna Notices the Twin Arjuna Trees,"While his mother is busy, Krishna sees the two arjuna trees that were once the guhyaka sons of Kubera, Nalakuvara and Manigriva.",gokul,vrindavan_childhood,Krishna; Nalakuvara; Manigriva,Gokula,curiosity; foreshadowing,A,"Srimad Bhagavata Purana (Sanskrit, GRETIL)",10,9,21-22,,all,3,3,2,5,
DKS_0042,42,Narada Curses Nalakuvara and Manigriva,"Drunk and naked in a river with celestial women, Kubera's sons insult Narada, who curses them to become twin arjuna trees until Krishna's touch frees them.",other,vrindavan_childhood,Narada; Nalakuvara; Manigriva,Kailasa; Ganga river,curse; pride; forgiveness,A,"Srimad Bhagavata Purana (Sanskrit, GRETIL)",10,10,1-22,,all,3,3,2,5,
DKS_0043,43,The Cowherds Settle in Vrindavan,"The cowherd community journeys with their herds and carts and settles in Vrindavan, forming their camp in a crescent of wagons.",vrindavan,vrindavan_childhood,Nanda; Yasoda; cowherds; Krishna; Balarama,Vrindavan,migration; new_home,A,"Srimad Bhagavata Purana (Sanskrit, GRETIL)",10,11,31-35,,all,3,4,2,5,
DKS_0044,44,Krishna Slays the Calf-Demon Vatsasura,"The boys take up calf-herding, and Krishna seizes the demon Vatsasura, who has taken the form of a calf, and hurls him dead into a kapittha tree.",vrindavan,vrindavan_childhood,Krishna; Balarama; Vatsasura,Vrindavan,protecting_the_herd; divine_strength,A,"Srimad Bhagavata Purana (Sanskrit, GRETIL)",10,11,36-44,,mild_violence,4,4,3,5,
DKS_0045,45,Krishna Slays the Crane-Demon Bakasura,"The crane-demon Bakasura, Kamsa's ally, swallows Krishna, but Krishna burns and tears him apart and frees himself.",vrindavan,vrindavan_childhood,Krishna; Bakasura; Balarama,Vrindavan,deliverance; divine_power,A,"Srimad Bhagavata Purana (Sanskrit, GRETIL)",10,11,46-52,,mild_violence,5,5,4,5,
DKS_0046,46,Aghasura Becomes a Giant Python,"Aghasura, brother of Putana and Bakasura, takes the form of a vast python and lies with open mouth across the path of the boys.",vrindavan,vrindavan_childhood,Aghasura; Krishna; cowherd boys,Vrindavan,deception; danger,A,"Srimad Bhagavata Purana (Sanskrit, GRETIL)",10,12,12-24,,mild_violence,4,4,3,5,
DKS_0047,47,Krishna Kills Aghasura and Revives His Friends,"Entering the demon's throat with his friends, Krishna expands and chokes Aghasura to death, then revives the swallowed boys and calves; the demon's soul merges into Krishna as a great light.",vrindavan,vrindavan_childhood,Krishna; Aghasura; cowherd boys,Vrindavan,rescue; divine_power; liberation,A,"Srimad Bhagavata Purana (Sanskrit, GRETIL)",10,12,25-35,,mild_violence,5,5,4,5,
DKS_0048,48,Brahma Steals the Calves and Boys,"While Krishna searches for the strayed calves, Brahma, wanting to test the Lord, carries off all the calves and cowherd boys and hides them.",vrindavan,vrindavan_childhood,Brahma; Krishna,Vrindavan,divine_test; concealment,A,"Srimad Bhagavata Purana (Sanskrit, GRETIL)",10,13,11-16,,all,4,4,3,5,
DKS_0049,49,Krishna Expands Into All the Calves and Boys,"To console their mothers, Krishna himself becomes every missing calf and boy, and for a year plays their roles in the cowherd homes.",vrindavan,vrindavan_childhood,Krishna; cowherd boys; gopis,Vrindavan,omniscience; motherly_love,A,"Srimad Bhagavata Purana (Sanskrit, GRETIL)",10,13,17-26,,all,5,4,4,5,
DKS_0050,50,Brahma Is Bewildered and Worships Krishna,"Returning after a moment of his time, Brahma finds everything as before and, seeing all the boys as four-armed forms of Vishnu, falls at Krishna's feet in humility.",vrindavan,vrindavan_childhood,Brahma; Krishna,Vrindavan,humility; maya; wonder,A,"Srimad Bhagavata Purana (Sanskrit, GRETIL)",10,13,27-63,,all,4,4,3,5,
DKS_0051,51,Brahma Praises Krishna and Departs,"Brahma hymns Krishna's boundless glories, confesses his own arrogance, and returns to his abode after circumambulating the Lord.",vrindavan,vrindavan_childhood,Brahma; Krishna,Vrindavan,praise; humility,A,"Srimad Bhagavata Purana (Sanskrit, GRETIL)",10,14,1-41,,all,2,3,1,5,
DKS_0052,52,The Boys Resume Their Meal Unaware of the Lost Year,"Krishna returns the boys and calves as before, and, though a year had passed, to them it seemed but a moment, and they finish their picnic and go home.",vrindavan,vrindavan_childhood,Krishna; cowherd boys,Vrindavan,illusion; timelessness,A,"Srimad Bhagavata Purana (Sanskrit, GRETIL)",10,14,41-47,,all,3,3,2,5,
DKS_0053,53,The Boys Long for the Palm Grove's Fruit,"The cowherd boys ask Krishna and Balarama to take them to the talavana, whose sweet fruit is guarded by the donkey-demon Dhenuka.",vrindavan,vrindavan_childhood,Krishna; Balarama; cowherd boys; Dhenuka,Vrindavan,desire; obstacle,A,"Srimad Bhagavata Purana (Sanskrit, GRETIL)",10,15,20-26,,mild_violence,3,3,2,5,
DKS_0054,54,Balarama Slays the Ass-Demon Dhenuka,"Balarama shakes the palm trees to bring down the fruit, and when Dhenuka charges, he seizes the donkey and dashes it lifeless against a palm.",vrindavan,vrindavan_childhood,Balarama; Krishna; Dhenuka,Vrindavan,courage; deliverance,A,"Srimad Bhagavata Purana (Sanskrit, GRETIL)",10,15,27-34,,mild_violence,4,4,3,5,BP attributes the deed jointly to Balarama; VP to Rama alone.
DKS_0055,55,Krishna and Balarama Clear the Grove of Dhenuka's Kin,"As Dhenuka's kin charge to avenge him, Krishna and Balarama slay them all, and men and beasts freely enjoy the grove.",vrindavan,vrindavan_childhood,Krishna; Balarama,Vrindavan,deliverance; abundance,A,"Srimad Bhagavata Purana (Sanskrit, GRETIL)",10,15,35-40,,mild_violence,4,4,3,5,
DKS_0056,56,Krishna Swallows the Forest Fire at Night,"As a forest fire surrounds the sleeping settlement at night, the villagers call on Krishna, who drinks up the fierce flames.",vrindavan,vrindavan_childhood,Krishna; cowherds,Vrindavan,rescue; divine_power,A,"Srimad Bhagavata Purana (Sanskrit, GRETIL)",10,17,20-24,,mild_violence,4,5,4,5,
DKS_0057,57,Pralamba Joins the Games in Disguise,"The demon Pralamba, intent on seizing the boys, joins their play disguised as a cowherd, and Krishna, knowing him, allows it, planning his death.",vrindavan,vrindavan_childhood,Pralamba; Krishna; Balarama,Vrindavan,deception; divine_knowledge,A,"Srimad Bhagavata Purana (Sanskrit, GRETIL)",10,18,16-18,,mild_violence,3,3,2,5,
DKS_0058,58,Balarama Slays the Demon Pralamba,"In the riding game, Pralamba carries Balarama far off and reveals his terrible form, but Balarama strikes his head with a mighty fist and fells him dead.",vrindavan,vrindavan_childhood,Balarama; Pralamba; Krishna,Vrindavan,victory; strength,A,"Srimad Bhagavata Purana (Sanskrit, GRETIL)",10,18,19-29,,mild_violence,4,4,4,5,
DKS_0059,59,The Cattle Stray Into the Munja Forest and a Wildfire Breaks Out,"While the boys play, the cattle wander into a dense grove of munja grass, and a fierce wildfire springs up around them.",vrindavan,vrindavan_childhood,Krishna; Balarama; cowherds; cattle,Vrindavan,danger; separation,A,"Srimad Bhagavata Purana (Sanskrit, GRETIL)",10,19,1-8,,mild_violence,4,4,3,5,
DKS_0060,60,Krishna Swallows the Wildfire and Saves the Herd,"Krishna bids the terrified cowherds close their eyes, drinks up the flames, and, when they open them, they stand safe at Bhandira.",vrindavan,vrindavan_childhood,Krishna; cowherds; cattle,Vrindavan; Bhandira,rescue; faith,A,"Srimad Bhagavata Purana (Sanskrit, GRETIL)",10,19,9-13,,mild_violence,5,5,4,5,
DKS_0061,61,Krishna Enjoys the Monsoon Pastures,"Krishna and Balarama enter the rain-washed forest with the herd, and the boys share a simple meal of curd-rice with him on a rock.",vrindavan,vrindavan_childhood,Krishna; Balarama; cowherd boys,Vrindavan,joy; nature; companionship,A,"Srimad Bhagavata Purana (Sanskrit, GRETIL)",10,20,24-30,,all,3,4,2,5,
DKS_0062,62,The Cowherds Wonder at Krishna's Deeds,"Astonished at Krishna's deeds, the cowherds wonder how a boy could do such things, and Nanda reassures them with Garga's words.",vrindavan,vrindavan_childhood,cowherds; Nanda; Garga; Krishna,Vrindavan,wonder; prophecy,A,"Srimad Bhagavata Purana (Sanskrit, GRETIL)",10,26,1-23,,all,3,2,3,5,BP adds Nanda recounting Garga's prophecy.
DKS_0063,63,Nanda Is Seized by Varuna and Rescued,A servant of Varuna seizes Nanda as he bathes at night; Krishna goes to Varuna's abode and frees him.,vrindavan,vrindavan_childhood,Nanda; Varuna; Krishna,Yamuna; Varuna's abode,rescue; grace,A,"Srimad Bhagavata Purana (Sanskrit, GRETIL)",10,28,1-8,,all,4,4,4,5,
DKS_0064,64,Krishna Reveals His Supreme Abode,"Krishna shows the cowherds his own abode beyond darkness, the eternal Brahman-light.",vrindavan,vrindavan_childhood,Krishna; cowherds,Vrindavan,revelation; liberation,A,"Srimad Bhagavata Purana (Sanskrit, GRETIL)",10,28,9-16,,all,4,5,3,5,
DKS_0065,65,Shankhachuda Abducts the Gopis,"As Krishna and Balarama sing in the forest, the demon Shankhachuda carries off the gopis.",vrindavan,vrindavan_childhood,Shankhachuda; Krishna; Balarama; gopis,Vrindavan forest,abduction; pursuit,A,"Srimad Bhagavata Purana (Sanskrit, GRETIL)",10,34,19-27,,all,4,4,3,5,
DKS_0066,66,Krishna Slays Shankhachuda and Takes the Jewel,"Krishna overtakes the demon, strikes him dead and gives the crest-jewel to Balarama.",vrindavan,vrindavan_childhood,Krishna; Balarama; Shankhachuda,Vrindavan forest,victory; gift,A,"Srimad Bhagavata Purana (Sanskrit, GRETIL)",10,34,28-31,,mild_violence,4,4,4,5,
DKS_0067,67,Krishna Slays the Bull-Demon Arishta,The bull-demon Arishta terrorizes Vrindavan until Krishna seizes and slays him.,vrindavan,vrindavan_childhood,Krishna; Arishta,Vrindavan,demon-slaying; protection,A,"Srimad Bhagavata Purana (Sanskrit, GRETIL)",10,36,1-14,,mild_violence,4,4,4,5,
DKS_0068,68,Krishna Slays the Horse-Demon Keshi,"The horse-demon Keshi attacks, and Krishna thrusts his arm into its mouth until it chokes and dies.",vrindavan,vrindavan_childhood,Krishna; Keshi,Vrindavan,demon-slaying,A,"Srimad Bhagavata Purana (Sanskrit, GRETIL)",10,37,1-7,,mild_violence,4,4,4,5,
DKS_0069,69,Krishna Slays the Demon Vyoma,"The demon Vyoma, disguised as a cowherd, carries off boys and seals them in a cave; Krishna slays him and frees them.",vrindavan,vrindavan_childhood,Krishna; Vyoma; cowherd boys,Vrindavan,rescue; demon-slaying,A,"Srimad Bhagavata Purana (Sanskrit, GRETIL)",10,37,24-32,,mild_violence,3,3,3,5,
DKS_0070,70,Krishna Resolves to Subdue the Serpent Kaliya,"Finding the Yamuna's lake poisoned by the serpent-king Kaliya, Krishna resolves to leap in and vanquish him.",vrindavan,kaliya_and_yamuna,Krishna; Kaliya,Yamuna lake,courage; resolve,A,"Harivamsha (Dutt, Gutenberg #61937)",1,66,,,all,3,3,3,4,HV-specific precursor; see 'kaliya_leap'.
DKS_0071,71,Krishna Revives the Cowherds from Poisoned Water,Thirsty cowherds and cattle drink the poisoned waters of the Yamuna and die; Krishna revives them all with a glance of nectar.,vrindavan,kaliya_and_yamuna,Krishna; cowherds; cattle,Yamuna river,healing; compassion,A,"Srimad Bhagavata Purana (Sanskrit, GRETIL)",10,15,46-51,,all,4,4,3,5,
DKS_0072,72,Krishna Leaps into Kaliya's Poisoned Pool,"Seeing the Yamuna polluted by the serpent Kaliya's venom, Krishna climbs a kadamba tree and plunges into the deep poisoned pool to subdue him.",vrindavan,kaliya_and_yamuna,Krishna; Kaliya,Yamuna river,purification; courage,A,"Srimad Bhagavata Purana (Sanskrit, GRETIL)",10,16,3-5,Naga Panchami,mild_violence,5,5,4,5,VP 5.7 also includes the biting and the despair of the watchers.
DKS_0073,73,Kaliya Coils Around Krishna and Vraja Despairs,"Kaliya coils around Krishna and holds him motionless in the depths, while the cowherds, cows and all of Gokula rush to the bank in grief.",vrindavan,kaliya_and_yamuna,Kaliya; Krishna; cowherds; Nanda; gopis,Yamuna river,peril; grief,A,"Srimad Bhagavata Purana (Sanskrit, GRETIL)",10,16,8-20,Naga Panchami,mild_violence,5,5,4,5,
DKS_0074,74,Krishna Dances on Kaliya's Heads,"Breaking free of the serpent's coils, Krishna leaps up and dances upon Kaliya's raised heads, trampling each hood that will not bow.",vrindavan,kaliya_and_yamuna,Krishna; Kaliya,Yamuna river,victory; divine_power,A,"Srimad Bhagavata Purana (Sanskrit, GRETIL)",10,16,22-30,Naga Panchami,mild_violence,5,5,5,5,HV/VP fold this dance into the banishment episode (see 'kaliya_banish').
DKS_0075,75,Kaliya's Wives Plead for His Life,"The serpent's wives, with disheveled hair and folded hands, praise Krishna and beg him to spare their husband's life.",vrindavan,kaliya_and_yamuna,Kaliya; Kaliya's wives; Krishna,Yamuna river,mercy; devotion; intercession,A,"Srimad Bhagavata Purana (Sanskrit, GRETIL)",10,16,30-52,Naga Panchami,mild_violence,4,4,3,5,
DKS_0076,76,Krishna Spares and Banishes Kaliya,"Krishna spares Kaliya, orders him to leave the Yamuna for the ocean, and Kaliya departs with his family, leaving the river's waters sweet again.",vrindavan,kaliya_and_yamuna,Krishna; Kaliya; Kaliya's wives,Yamuna river; ocean,mercy; purification,A,"Srimad Bhagavata Purana (Sanskrit, GRETIL)",10,16,53-67,Naga Panchami,mild_violence,5,5,4,5,HV/VP fold in the dance on the hoods; bpc1_035 is Uddhava's recollection.
DKS_0077,77,Why Kaliya Took Refuge in the Yamuna,"The sage recounts how Kaliya, having withheld Garuda's tribute and been beaten by him, fled to the Yamuna pool, where a curse forbade Garuda to enter.",vrindavan,kaliya_and_yamuna,Kaliya; Garuda; Saubhari,Yamuna river,backstory; fear,A,"Srimad Bhagavata Purana (Sanskrit, GRETIL)",10,17,1-11,Naga Panchami,all,3,3,2,5,
DKS_0078,78,Krishna Emerges and the Villagers Rejoice,"Krishna comes out of the pool adorned with gems; the cowherds embrace him, and Nanda gives cattle and gold to the brahmanas for his deliverance.",vrindavan,kaliya_and_yamuna,Krishna; Nanda; Yasoda; cowherds,Yamuna river,reunion; gratitude,A,"Srimad Bhagavata Purana (Sanskrit, GRETIL)",10,17,12-18,Naga Panchami,all,4,4,3,5,
DKS_0079,79,Krishna Questions the Indra Sacrifice,"Krishna, bowing humbly, asks Nanda and the elders what ceremony they have begun, its fruit, for whom, and by what means it is accomplished.",vrindavan,govardhan_and_indra,Krishna; Nanda,Vrindavan,ritual; questioning; humility,A,"Srimad Bhagavata Purana (Sanskrit, GRETIL)",10,24,1-6,,all,3,3,3,5,
DKS_0080,80,Indra Becomes Furious,Indra learns his worship has been stopped and grows angry with the cowherds whose lord is Krishna.,vrindavan,govardhan_and_indra,Indra,heaven,pride; anger,A,"Srimad Bhagavata Purana (Sanskrit, GRETIL)",10,24,38,,all,3,3,2,5,
DKS_0081,81,Nanda Explains the Indra Worship,"Nanda explains that Indra, lord of rain, is worshipped with offerings produced by his own showers.",vrindavan,govardhan_and_indra,Nanda; Krishna,Vrindavan,tradition; rain; duty,A,"Srimad Bhagavata Purana (Sanskrit, GRETIL)",10,24,7-11,,all,2,2,2,5,
DKS_0082,82,Krishna Argues for Worshipping Govardhana Hill,"Krishna tells Nanda the cowherds should worship Govardhana hill, the cows and the brahmins rather than Indra.",vrindavan,govardhan_and_indra,Krishna; Nanda,Vrindavan,karma; devotion; challenge to Indra,A,"Srimad Bhagavata Purana (Sanskrit, GRETIL)",10,24,12-29,,all,4,3,4,5,
DKS_0083,83,The Cowherds Worship Govardhana and Krishna Receives Offerings as the Hill,Nanda and the cowherds accept Krishna's words and perform the sacrifice to Govardhana hill.,vrindavan,govardhan_and_indra,Krishna; Nanda; cowherds,Vrindavan; Govardhana,ritual; community,A,"Srimad Bhagavata Purana (Sanskrit, GRETIL)",10,24,30-33,Govardhan Puja,all,4,4,4,5,BP splits the worship (10.24) and Krishna's manifestation (10.24) into two beats; VP 5.10 combines them.
DKS_0084,84,Indra Unleashes the Storm on Vrindavan,"Furious Indra sends the Samvartaka storm-clouds to destroy Nanda's gokula with torrent, hail and wind.",vrindavan,govardhan_and_indra,Indra; clouds; cowherds,Vrindavan,wrath; storm,A,"Srimad Bhagavata Purana (Sanskrit, GRETIL)",10,25,1-9,Govardhan Puja,mild_violence,4,5,4,5,
DKS_0085,85,Krishna Lifts Govardhana Hill,Krishna lifts Govardhana hill with one hand and holds it aloft like an umbrella to shelter the cowherds.,vrindavan,govardhan_and_indra,Krishna; Indra; cowherds,Govardhana,protection; divine power,A,"Srimad Bhagavata Purana (Sanskrit, GRETIL)",10,25,10-19,Govardhan Puja,all,5,5,5,5,HV/VP specify seven nights/days; bpc1_036 is Uddhava's recollection.
DKS_0086,86,Seven Days Beneath Govardhana,"The cowherds shelter beneath the hill for seven days while Krishna holds it, until Indra relents.",vrindavan,govardhan_and_indra,Krishna; cowherds; cattle,Govardhana,refuge; endurance,A,"Srimad Bhagavata Purana (Sanskrit, GRETIL)",10,25,20-25,Govardhan Puja,all,4,4,3,5,Folded into 'govardhana_lift' in HV/VP.
DKS_0087,87,Krishna Restores the Hill and the Cowherds Rejoice,"Krishna sets the hill back in place; Nanda, Yashoda and Balarama embrace him and the gods rain flowers.",vrindavan,govardhan_and_indra,Krishna; Nanda; Yashoda; Balarama,Govardhana; Vrindavan,joy; restoration,A,"Srimad Bhagavata Purana (Sanskrit, GRETIL)",10,25,26-32,,all,3,4,3,5,
DKS_0088,88,Indra Surrenders and Begs Forgiveness,"Ashamed Indra approaches Krishna, touches his feet, and asks forgiveness for his pride.",vrindavan,govardhan_and_indra,Indra; Krishna,Vrindavan,surrender; forgiveness,A,"Srimad Bhagavata Purana (Sanskrit, GRETIL)",10,27,1-16,,all,4,4,3,5,
DKS_0089,89,Indra Installs Krishna as Govinda,"Surabhi the divine cow praises Krishna, and Indra bathes and names him Govinda.",vrindavan,govardhan_and_indra,Surabhi; Indra; Krishna,Govardhana,consecration; devotion,A,"Srimad Bhagavata Purana (Sanskrit, GRETIL)",10,27,17-27,,all,4,4,3,5,
DKS_0090,90,The Gopis Praise Krishna's Flute,"Krishna plays his flute in the forest, and the gopis, describing its sweetness to one another, are carried away into his pastimes.",vrindavan,rasa_and_gopis,Krishna; gopis,Vrindavan,devotion; music; longing,A,"Srimad Bhagavata Purana (Sanskrit, GRETIL)",10,21,1-19,,all,3,4,2,5,
DKS_0091,91,The Gopis Perform the Katyayani Vow,"Through the first month of winter, the young gopis bathe in the Yamuna and worship the goddess Katyayani, praying that Krishna become their husband.",vrindavan,rasa_and_gopis,gopis; Krishna; Katyayani,Yamuna river,devotion; longing; austerity,A,"Srimad Bhagavata Purana (Sanskrit, GRETIL)",10,22,1-5,,all,4,3,3,5,
DKS_0092,92,Krishna Steals the Gopis' Clothes,"Krishna carries off the gopis' garments as they bathe, climbs a kadamba tree, and teasingly bids them come and take them back.",vrindavan,rasa_and_gopis,Krishna; gopis,Yamuna river,playfulness; modesty; sport,A,"Srimad Bhagavata Purana (Sanskrit, GRETIL)",10,22,6-11,,all,4,4,3,5,
DKS_0093,93,Krishna Returns the Clothes and Blesses the Gopis,"The shivering gopis come from the water, and Krishna, pleased with their sincerity, returns their clothes and promises their wish will be fulfilled.",vrindavan,rasa_and_gopis,Krishna; gopis,Yamuna river,grace; devotion; promise,A,"Srimad Bhagavata Purana (Sanskrit, GRETIL)",10,22,12-27,,all,4,4,3,5,
DKS_0094,94,The Brahmanas Refuse Krishna's Request for Food,"Hungry, Krishna sends the cowherd boys to ask food of brahmanas performing a sacrifice, but they turn the request away, mistaking Krishna for a mere man.",vrindavan,rasa_and_gopis,Krishna; cowherd boys; brahmanas,Vrindavan,pride; blindness,A,"Srimad Bhagavata Purana (Sanskrit, GRETIL)",10,23,1-11,,all,4,3,3,5,
DKS_0095,95,The Brahmanas' Wives Bring Food to Krishna,"Krishna then sends the boys to the brahmanas' wives, who, longing for his sight, hasten to him with every kind of food, disregarding their families.",vrindavan,rasa_and_gopis,brahmana wives; cowherd boys; Krishna,Vrindavan,devotion; longing,A,"Srimad Bhagavata Purana (Sanskrit, GRETIL)",10,23,12-19,,all,4,4,3,5,
DKS_0096,96,The Wives Refuse to Return and Krishna Welcomes Them,"The brahmana wives, granted Krishna's sight, refuse to return to their homes, and Krishna, pleased with their devotion, assures them of his grace and sends them back with their minds fixed on him.",vrindavan,rasa_and_gopis,brahmana wives; Krishna,Vrindavan,devotion; surrender,A,"Srimad Bhagavata Purana (Sanskrit, GRETIL)",10,23,20-31,,all,4,4,3,5,
DKS_0097,97,The Brahmanas Repent and Praise Krishna,"Reflecting that their wives' devotion surpassed their own empty rituals, the brahmanas lament their blindness and sing Krishna's praise, longing to see him.",vrindavan,rasa_and_gopis,brahmanas; Krishna,Vrindavan,repentance; humility,A,"Srimad Bhagavata Purana (Sanskrit, GRETIL)",10,23,32-51,,all,3,3,2,5,
DKS_0098,98,Krishna Vanishes,"To quell the pride rising in the gopis, Krishna suddenly disappears.",vrindavan,rasa_and_gopis,Krishna; gopis,Vrindavan,humility; separation,A,"Srimad Bhagavata Purana (Sanskrit, GRETIL)",10,29,47,,all,4,4,3,5,
DKS_0099,99,The Gopis Abandon Their Homes,"Krishna plays his flute on an autumn night and the gopis leave homes, husbands and duties to rush to him.",vrindavan,rasa_and_gopis,Krishna; gopis,Vrindavan; Yamuna,love; flute; abandonment,A,"Srimad Bhagavata Purana (Sanskrit, GRETIL)",10,29,1-16,,all,5,5,4,5,
DKS_0100,100,Krishna Tests the Gopis,"Krishna tells the gopis to return to their husbands, and they plead that he is their very soul.",vrindavan,rasa_and_gopis,Krishna; gopis,Vrindavan,testing; devotion,A,"Srimad Bhagavata Purana (Sanskrit, GRETIL)",10,29,17-41,,all,5,4,4,5,
DKS_0101,101,Krishna Relents and Sports with the Gopis,"Krishna smiles, shows the gopis favor, and enjoys himself with them on the Yamuna's bank.",vrindavan,rasa_and_gopis,Krishna; gopis,Yamuna,union; grace,A,"Srimad Bhagavata Purana (Sanskrit, GRETIL)",10,29,42-46,,all,4,4,3,5,
DKS_0102,102,The Gopis Search the Forest,The gopis wander the forest questioning the trees and plants about the vanished Krishna.,vrindavan,rasa_and_gopis,gopis,Vrindavan forest,search; longing,A,"Srimad Bhagavata Purana (Sanskrit, GRETIL)",10,30,1-12,,all,4,4,3,5,
DKS_0103,103,The Gopis Enact Krishna's Lilas,"In their frenzy the gopis imitate Krishna's childhood deeds, each playing a part.",vrindavan,rasa_and_gopis,gopis,Vrindavan forest,imitation; ecstasy,A,"Srimad Bhagavata Purana (Sanskrit, GRETIL)",10,30,13-23,,all,4,5,3,5,
DKS_0104,104,The Favored Gopi's Pride and Krishna's Second Vanishing,"Finding footprints of Krishna and his chosen gopi, the gopis marvel; she grows proud, and Krishna vanishes again.",vrindavan,rasa_and_gopis,Krishna; gopis,Vrindavan forest,pride; humility,A,"Srimad Bhagavata Purana (Sanskrit, GRETIL)",10,30,24-39,,all,4,4,3,5,
DKS_0105,105,Krishna Reappears Among the Gopis,Krishna reappears smiling and the gopis rise as if their life had returned; their grief ends.,vrindavan,rasa_and_gopis,Krishna; gopis,Vrindavan,reunion; joy,A,"Srimad Bhagavata Purana (Sanskrit, GRETIL)",10,32,1-14,,all,4,4,3,5,
DKS_0106,106,Krishna Teaches About Love,"Krishna answers the gopis' question about why he loves those who love him, explaining the ways of love.",vrindavan,rasa_and_gopis,Krishna; gopis,Vrindavan,love; teaching,A,"Srimad Bhagavata Purana (Sanskrit, GRETIL)",10,32,15-21,,all,3,2,2,5,
DKS_0107,107,The Great Rasa Dance,Krishna multiplies himself to dance between every gopi in the moonlit rasa; the gods watch and rain flowers.,vrindavan,rasa_and_gopis,Krishna; gopis,Yamuna bank,rasa dance; divine play,A,"Srimad Bhagavata Purana (Sanskrit, GRETIL)",10,33,1-24,,all,5,5,4,5,bpc1_037 is Uddhava's recollection.
DKS_0108,108,Uddhava Arrives Bearing Krishna's Message,"Uddhava arrives in Vrindavan as Krishna's envoy; the gopis, pining for Krishna, surround him and ask why he has come.",vrindavan,rasa_and_gopis,Uddhava; Krishna; Gopis,Vrindavan,separation; devotion; longing,A,"Srimad Bhagavata Purana (Sanskrit, GRETIL)",10,47,1-9,,all,4,3,3,5,
DKS_0109,109,The Gopi's Lament to the Bee (Bhramara-gita),"A gopi, seeing a honeybee, addresses it as Krishna's messenger and reproaches Krishna for abandoning the gopis.",vrindavan,rasa_and_gopis,Gopis; Krishna,Vrindavan,separation; devotion; grief,A,"Srimad Bhagavata Purana (Sanskrit, GRETIL)",10,47,10-20,,all,5,4,4,5,
DKS_0110,110,Uddhava Delivers Krishna's Message and the Gopis Reply,Uddhava conveys Krishna's teaching of unbroken spiritual union; the gopis answer that they cannot forget Krishna.,vrindavan,rasa_and_gopis,Uddhava; Krishna; Gopis,Vrindavan,devotion; non-duality; longing,A,"Srimad Bhagavata Purana (Sanskrit, GRETIL)",10,47,21-51,,all,4,3,3,5,
DKS_0111,111,Uddhava Praises the Gopis and Departs,"Uddhava extols the gopis' supreme devotion, wishes to be a shrub in Vrindavan, stays some months, then returns to Mathura.",vrindavan,rasa_and_gopis,Uddhava; Gopis; Nanda; Yashoda,Vrindavan; Mathura,devotion; humility; reverence,A,"Srimad Bhagavata Purana (Sanskrit, GRETIL)",10,47,52-68,,all,4,3,3,5,
DKS_0112,112,Akrura Journeys to Vrindavan,"On the road Akrura, filled with devotion, ponders what merit has earned him the sight of Krishna.",vrindavan,akrura_and_departure,Akrura,road to Vrindavan,devotion; anticipation,A,"Srimad Bhagavata Purana (Sanskrit, GRETIL)",10,38,1-23,,all,3,3,2,5,
DKS_0113,113,Akrura Arrives in Vrindavan and Beholds Krishna,"Akrura sees Krishna and Balarama, prostrates, and is honored by Nanda with food and questions.",vrindavan,akrura_and_departure,Akrura; Krishna; Balarama; Nanda,Vrindavan,hospitality,A,"Srimad Bhagavata Purana (Sanskrit, GRETIL)",10,38,23-42,,all,3,3,3,5,
DKS_0114,114,Akrura Reveals Kamsa's Plan and Krishna Agrees to Go,"Krishna questions Akrura, who tells him of Kamsa's enmity and the purpose of his mission.",vrindavan,akrura_and_departure,Akrura; Krishna; Balarama,Vrindavan,revelation,A,"Srimad Bhagavata Purana (Sanskrit, GRETIL)",10,39,1-9,,all,3,2,3,5,VP 5.18 has Krishna vow to slay Kansa within three nights.
DKS_0115,115,The Gopis Grieve at Krishna's Departure,"When Nanda proclaims the journey to Mathura, the gopis lament that Akrura is taking Krishna away.",vrindavan,akrura_and_departure,gopis; Akrura; Krishna,Vrindavan,grief; separation,A,"Srimad Bhagavata Purana (Sanskrit, GRETIL)",10,39,10-30,,all,4,4,3,5,
DKS_0116,116,Krishna Consoles the Gopis,"As the chariot leaves, Krishna promises the weeping gopis that he will return.",vrindavan,akrura_and_departure,Krishna; gopis,Vrindavan,consolation; promise,A,"Srimad Bhagavata Purana (Sanskrit, GRETIL)",10,39,31-36,,all,4,4,3,5,
DKS_0117,117,Akrura Beholds the Divine Vision in the Yamuna,"Diving in the Yamuna, Akrura sees Krishna and Balarama as the Lord resting on Shesha surrounded by gods.",vrindavan,akrura_and_departure,Akrura; Krishna; Balarama,Yamuna,vision; praise,A,"Srimad Bhagavata Purana (Sanskrit, GRETIL)",10,39,37-56,,all,4,5,3,5,
DKS_0118,118,Akrura Reports to Kamsa,Krishna withdraws the divine vision; Akrura drives on and reports to Kamsa before going home.,mathura,akrura_and_departure,Krishna; Akrura; Kamsa,Mathura,concealment,A,"Srimad Bhagavata Purana (Sanskrit, GRETIL)",10,41,1-18,,all,3,3,3,5,
DKS_0119,119,Nanda Departs for Vraja,"Krishna embraces Nanda, bids him return to Vraja, and Nanda departs in tears with the cowherds.",mathura,akrura_and_departure,Krishna; Nanda,Mathura,farewell; love,A,"Srimad Bhagavata Purana (Sanskrit, GRETIL)",10,45,19-24,,all,4,4,4,5,
DKS_0120,120,Kamsa Orders the Gopas Expelled and Vasudeva Punished,"Seeing his wrestlers slain, Kansa orders the cowherds expelled, Nanda bound, and Vasudeva punished; Krishna grows wrathful.",mathura,mathura_and_kamsa,Kansa; Krishna; Nanda; Vasudeva,Mathura arena,tyranny; wrath,A,"Harivamsha (Dutt, Gutenberg #61937)",1,85,,,all,3,3,3,4,HV-specific; the provocation immediately preceding the killing (see 'slay_kamsa').
DKS_0121,121,Garuda Restores Vishnu's Stolen Crown to Krishna,"Garuda, having recovered Vishnu's crown stolen by Bali's son, places it on Krishna's head on Gomanta.",mathura,mathura_and_kamsa,Krishna; Garuda; Balarama,Gomanta,divine insignia; restoration,A,"Harivamsha (Dutt, Gutenberg #61937)",1,97,,,all,3,3,3,4,
DKS_0122,122,Krishna Returns to Mathura,"Rama and Krishna, accompanied by Damaghosha, enter Mathura and are received with joy by Ugrasena and the Yadavas before honoring their parents.",mathura,mathura_and_kamsa,Krishna; Balarama; Ugrasena; Vasudeva; Damaghosha,Mathura,return; homage; joy,A,"Harivamsha (Dutt, Gutenberg #61937)",1,101,,,all,3,3,3,4,
DKS_0123,123,Kaishika Offers His Kingdom,"The Vidarbha kings Kratha and Kaishika offer Krishna their kingdom and arrange his consecration, while a celestial voice announces that Indra has sent a golden seat.",mathura,mathura_and_kamsa,Krishna; Kaishika; Kratha; Chitrangada; Indra,Vidarbha,royal-unction; offering; divine-mandate,A,"Harivamsha (Dutt, Gutenberg #61937)",1,107,,,all,3,3,3,4,
DKS_0124,124,Krishna's Royal Consecration,"Before the assembled kings, celestial jars pour sacred water and Indra himself adorns Krishna, completing the Abhisheka ceremony of his imperial consecration.",mathura,mathura_and_kamsa,Krishna; Indra; Kaishika; Kratha; Garuda,Vidarbha,consecration; emperor; divinity,A,"Harivamsha (Dutt, Gutenberg #61937)",1,107,,,all,4,4,3,4,
DKS_0125,125,Ugrasena Welcomes Krishna Back,"Krishna returns to Mathura, where Ugrasena comes out to honor him; Krishna declines the royal arghya and reaffirms Ugrasena as king, then consoles him over Kamsa's death.",mathura,mathura_and_kamsa,Krishna; Ugrasena; Balarama; Vasudeva,Mathura,humility; kingship; consolation,A,"Harivamsha (Dutt, Gutenberg #61937)",1,112,,,all,3,3,3,4,
DKS_0126,126,Krishna Obtains the Celestial Hall Sudharman,"Krishna bids Vayu ask Indra to resign the splendid hall Sudharman; Indra yields it, and the Yadava chiefs thenceforth possess the jewel-adorned celestial court.",mathura,mathura_and_kamsa,Krishna; Vayu; Indra; Ugrasena,Mathura,divine_favour; splendour,A,Vishnu Purana (Wilson 1840),5,21,,,all,2,3,2,4,VARIANT of the Sudharman-hall motif: Vishnu Purana 5.21 tells the fetching of the celestial hall for Ugrasena at Mathura; Harivamsha 1.115 folds the same hall into the enrichment of Dwaraka. Different placement — kept separate.
DKS_0127,127,Narada Reveals the Truth to Kamsa,Narada tells Kamsa that Krishna and Balarama are the sons of Devaki and Rohini; Kamsa binds Vasudeva and Devaki.,mathura,mathura_and_kamsa,Narada; Kamsa; Vasudeva; Devaki,Mathura,truth; imprisonment,A,"Srimad Bhagavata Purana (Sanskrit, GRETIL)",10,36,15-18,,all,4,3,3,5,
DKS_0128,128,Kamsa Orders the Wrestlers and Elephant to Kill Krishna,Kamsa summons Chanura and Mushtika and orders Krishna and Balarama killed by wrestling and by the elephant Kuvalayapida.,mathura,mathura_and_kamsa,Kamsa; Chanura; Mushtika,Mathura,conspiracy,A,"Srimad Bhagavata Purana (Sanskrit, GRETIL)",10,36,19-26,,all,3,3,3,5,
DKS_0129,129,Kamsa Sends Akrura to Fetch Krishna,"Kamsa, taking Akrura by the hand, sends him with sweet words to bring Krishna and Balarama to Mathura.",mathura,mathura_and_kamsa,Kamsa; Akrura,Mathura,deceit; mission,A,"Srimad Bhagavata Purana (Sanskrit, GRETIL)",10,36,26-39,,all,4,3,3,5,VP 5.15 also folds in the sending of Kesin.
DKS_0130,130,Krishna and Balarama Enter Mathura,"Krishna and Balarama enter Mathura with the cowherds, and the city's women throng to see them.",mathura,mathura_and_kamsa,Krishna; Balarama; citizens,Mathura,entry; rejoicing,A,"Srimad Bhagavata Purana (Sanskrit, GRETIL)",10,41,18-30,,all,4,4,3,5,
DKS_0131,131,Krishna Slays the Insolent Washerman,The king's washerman refuses Krishna clothes and abuses him; Krishna strikes off his head and takes the garments.,mathura,mathura_and_kamsa,Krishna; washerman,Mathura,pride; punishment,A,"Srimad Bhagavata Purana (Sanskrit, GRETIL)",10,41,31-38,,mild_violence,4,4,4,5,
DKS_0132,132,Krishna Straightens the Hunchback Kubja,"Kubja gives Krishna sandal paste, and he straightens her crooked body into a beautiful woman.",mathura,mathura_and_kamsa,Krishna; Kubja,Mathura,compassion; blessing,A,"Srimad Bhagavata Purana (Sanskrit, GRETIL)",10,42,1-12,,all,4,4,4,5,
DKS_0133,133,Krishna Breaks Kamsa's Great Bow,"Krishna seizes Kamsa's great bow and breaks it, then strikes down the attacking guards.",mathura,mathura_and_kamsa,Krishna; Balarama; guards,Mathura,strength; breaking bow,A,"Srimad Bhagavata Purana (Sanskrit, GRETIL)",10,42,13-22,,mild_violence,4,5,4,5,
DKS_0134,134,Kamsa Is Terrified by Evil Omens,"Kamsa, hearing of the bow's breaking, spends a sleepless night beset by omens and dreams of death.",mathura,mathura_and_kamsa,Kamsa,Mathura,fear; omens,A,"Srimad Bhagavata Purana (Sanskrit, GRETIL)",10,42,23-30,,all,2,3,2,5,
DKS_0135,135,Kamsa Orders the Wrestling Festival,At dawn Kamsa orders the wrestling festival; the arena is prepared and the cowherds arrive with offerings.,mathura,mathura_and_kamsa,Kamsa; Chanura; Nanda,Mathura,festival; plot,A,"Srimad Bhagavata Purana (Sanskrit, GRETIL)",10,42,31-37,,all,3,3,3,5,
DKS_0136,136,Krishna Slays the Elephant Kuvalayapida,"At the arena gate Krishna evades the elephant Kuvalayapida, throws it down, tears out its tusk and slays it.",mathura,mathura_and_kamsa,Krishna; Kuvalayapida,Mathura arena,elephant; victory,A,"Srimad Bhagavata Purana (Sanskrit, GRETIL)",10,43,1-15,,mild_violence,5,5,4,5,
DKS_0137,137,The Citizens Rejoice in the Arena,"Entering with the tusk as weapon, Krishna delights the people, who recount his deeds as Narayana and Rama.",mathura,mathura_and_kamsa,citizens; Krishna; Balarama,Mathura arena,rejoicing,A,"Srimad Bhagavata Purana (Sanskrit, GRETIL)",10,43,16-30,,all,3,3,2,5,
DKS_0138,138,Chanura Challenges Krishna and Balarama,"Chanura invites Krishna and Balarama to wrestle; Krishna answers that they are boys, but Chanura insists.",mathura,mathura_and_kamsa,Chanura; Krishna; Balarama,Mathura arena,challenge,A,"Srimad Bhagavata Purana (Sanskrit, GRETIL)",10,43,30-39,,all,3,3,3,5,
DKS_0139,139,Krishna and Balarama Slay the Wrestlers,"Despite the women's protest, Krishna slays Chanura and Balarama slays Mushtika, Kuta, Shala and Tośala.",mathura,mathura_and_kamsa,Krishna; Balarama; Chanura; Mushtika,Mathura arena,wrestling; victory,A,"Srimad Bhagavata Purana (Sanskrit, GRETIL)",10,44,1-27,,mild_violence,5,5,4,5,
DKS_0140,140,Krishna Slays Kamsa,"As Kamsa orders Nanda bound and Vasudeva killed, Krishna leaps onto the dais, seizes and slays him.",mathura,mathura_and_kamsa,Krishna; Kamsa,Mathura arena,slaying; justice,A,"Srimad Bhagavata Purana (Sanskrit, GRETIL)",10,44,28-38,,mild_violence,5,5,4,5,bpc1_038 is Uddhava's recollection.
DKS_0141,141,Balarama Slays Kamsa's Brothers,Kamsa's eight brothers rush at Krishna in fury and Balarama slays them all with his club.,mathura,mathura_and_kamsa,Balarama; Kamsa's brothers,Mathura arena,slaying,A,"Srimad Bhagavata Purana (Sanskrit, GRETIL)",10,44,39-40,,mild_violence,3,4,3,5,HV folds in the greeting of the parents.
DKS_0142,142,Kamsa's Wives Lament and the Funeral Rites Are Performed,"The wives of the slain warriors weep, and Krishna comforts them and has the funeral rites performed.",mathura,mathura_and_kamsa,Krishna; Kamsa's wives,Mathura,lament; rites,A,"Srimad Bhagavata Purana (Sanskrit, GRETIL)",10,44,41-48,,all,3,3,3,5,
DKS_0143,143,Krishna Frees and Bows to Vasudeva and Devaki,"Krishna and Balarama release their parents from bonds and bow, touching their feet.",mathura,mathura_and_kamsa,Krishna; Balarama; Vasudeva; Devaki,Mathura,liberation; reunion,A,"Srimad Bhagavata Purana (Sanskrit, GRETIL)",10,44,49-50,,all,4,4,3,5,
DKS_0144,144,Krishna Begs His Parents' Forgiveness,Krishna humbly begs Vasudeva and Devaki's forgiveness for having been unable to serve them.,mathura,mathura_and_kamsa,Krishna; Vasudeva; Devaki,Mathura,humility; filial duty,A,"Srimad Bhagavata Purana (Sanskrit, GRETIL)",10,45,1-9,,all,4,3,3,5,
DKS_0145,145,Krishna Installs Ugrasena as King,"Krishna makes his grandfather Ugrasena king of the Yadavas, honoring Yayati's curse.",mathura,mathura_and_kamsa,Krishna; Ugrasena,Mathura,kingship; dharma,A,"Srimad Bhagavata Purana (Sanskrit, GRETIL)",10,45,10-13,,all,3,3,3,5,VP 5.21 also folds in the consolation of the widows.
DKS_0146,146,Krishna Restores the Yadava Kinsmen,Krishna brings back and settles all the Yadava kinsmen who had fled in fear of Kamsa.,mathura,mathura_and_kamsa,Krishna; Yadavas,Mathura,restoration,A,"Srimad Bhagavata Purana (Sanskrit, GRETIL)",10,45,14-18,,all,3,3,3,5,
DKS_0147,147,Krishna and Balarama Study Under Sandipani,"The two brothers are initiated and go to the teacher Sandipani, mastering all arts in sixty-four days.",mathura,mathura_and_kamsa,Krishna; Balarama; Sandipani,Avanti,education,A,"Srimad Bhagavata Purana (Sanskrit, GRETIL)",10,45,25-35,,all,4,4,4,5,See 'sandipani_son' (VP 5.21 combines study + recovery).
DKS_0148,148,Krishna Retrieves Sandipani's Son,"As teacher's fee, Krishna slays Panchajana, takes his conch, and brings Sandipani's dead son back from Yama's city.",mathura,mathura_and_kamsa,Krishna; Balarama; Sandipani; Yama,Prabhasa; Yama's city,guru-dakshina; resurrection,A,"Srimad Bhagavata Purana (Sanskrit, GRETIL)",10,45,36-47,,mild_violence,5,5,4,5,VP 5.21 folds in the study; bpc1_039 is Uddhava's recollection.
DKS_0149,149,Krishna Visits Trivakra and Grants Her a Boon,"Krishna visits the hunchback woman Trivakra, accepts her hospitality, and grants her a boon, honoring her devotion.",mathura,mathura_and_kamsa,Krishna; Trivakra; Uddhava,Mathura,compassion; grace; gratitude,A,"Srimad Bhagavata Purana (Sanskrit, GRETIL)",10,48,1-10,,all,3,4,4,5,Later visit (10.48); see 'kubja_straighten' for the first meeting.
DKS_0150,150,"Memories of the Gurukula || Krishna and Sudama recall their student days under Sandipani, when they were sent to fetch firewood and, caught in a fierce storm, wandered lost until the guru found them at dawn.","Krishna and Sudama recall their student days under Sandipani, when they were sent to fetch firewood and, caught in a fierce storm, wandered lost until the guru found them at dawn.",dwaraka,mathura_and_kamsa,Krishna; Sudama; Sandipani,Dwaraka; (reminiscence of the gurukula),friendship; gratitude; reminiscence,A,"Srimad Bhagavata Purana (Sanskrit, GRETIL)",10,80,27-42,,all,3,4,3,5,
DKS_0151,151,The Yadavas Counsel That Mathura Cannot Withstand Siege,The Yadavas tell Krishna that Mathura lacks walls and provisions and cannot withstand Jarasandha's repeated sieges.,mathura,jarasandha_and_kings,Krishna; Vikadru; Vasudeva; Yadavas,Mathura,counsel; vulnerability,A,"Harivamsha (Dutt, Gutenberg #61937)",1,94,,,all,3,2,3,4,
DKS_0152,152,Krishna Resolves to Abandon Mathura,"Krishna decides to leave Mathura with Balarama and head south, to draw Jarasandha away and protect the city.",mathura,jarasandha_and_kings,Krishna; Balarama,Mathura,strategy; sacrifice,A,"Harivamsha (Dutt, Gutenberg #61937)",1,95,,,all,3,2,3,4,
DKS_0153,153,"Krishna Meets Parasurama, Who Counsels Gomanta","On mount Sahya, Krishna meets the sage Parasurama, who counsels him to make his stand against Jarasandha on mount Gomanta.",mathura,jarasandha_and_kings,Krishna; Balarama; Parasurama (Rama Jamadagnya),mount Sahya; Gomanta; Karavira,guidance; strategy,A,"Harivamsha (Dutt, Gutenberg #61937)",1,95,,,all,3,3,3,4,
DKS_0154,154,Krishna Wields the Divine Weapons on Gomanta,"On Gomanta, the divine weapons descend to Krishna and Balarama, who rout the kings; Balarama slays king Darada.",mathura,jarasandha_and_kings,Krishna; Balarama; Jarasandha; Darada; kings,Gomanta,war; divine weapons,A,"Harivamsha (Dutt, Gutenberg #61937)",1,99,,,mild_violence,4,4,3,4,
DKS_0155,155,The King of Chedi Befriends Krishna and Escorts Him to Karavira,"After Jarasandha flees, the king of Chedi, Krishna's kinsman by marriage, befriends him and escorts him to the city of Karavira.",mathura,jarasandha_and_kings,Krishna; king of Chedi (Damaghosha); Balarama,Gomanta; Karavira,alliance; friendship,A,"Harivamsha (Dutt, Gutenberg #61937)",1,99,,,all,3,3,3,4,
DKS_0156,156,Krishna Installs Shakradeva on the Throne of Karavira,"At the plea of Shrigala's queen, Krishna installs the slain king's son Shakradeva on the throne of Karavira.",mathura,jarasandha_and_kings,Krishna; Shakradeva; Padmavati (queen),Karavira,mercy; restoration,A,"Harivamsha (Dutt, Gutenberg #61937)",1,100,,,all,3,3,3,4,
DKS_0157,157,Jarasandha Warns the Assembled Kings,"At Bhishmaka's council Jarasandha warns the assembled kings that Krishna is Vishnu himself, whose arrival for the maiden spells calamity; Sunitha concurs.",mathura,jarasandha_and_kings,Jarasandha; Krishna; Sunitha; Bhishmaka,Kundina,fear; counsel; recognition-of-divinity,A,"Harivamsha (Dutt, Gutenberg #61937)",1,105,,,all,3,2,3,4,
DKS_0158,158,The Kings Debate and Bhishmaka Yields,"Dantavakra urges peace with Krishna while Salwa scorns fear; Bhishmaka, fearing for his arrogant son Rukmi, resolves to go and propitiate Krishna.",mathura,jarasandha_and_kings,Bhishmaka; Dantavakra; Salwa; Krishna; Rukmi,Kundina,debate; pride; conciliation,A,"Harivamsha (Dutt, Gutenberg #61937)",1,106,,,all,3,2,3,4,
DKS_0159,159,Shalya Proposes Inviting Kalayavana,"Shalya tells the kings that Kalayavana, whom no prince of Mathura can slay by Rudra's boon, should be invited against Krishna; Jarasandha dispatches Shalya as envoy.",mathura,jarasandha_and_kings,Shalya; Jarasandha; Kalayavana; Krishna,Kundina,stratagem; envoy; boon,A,"Harivamsha (Dutt, Gutenberg #61937)",1,109,,,all,3,2,3,4,
DKS_0160,160,Shalya Delivers Jarasandha's Message to Kalayavana,"Shalya arrives at Kalayavana's court, recounts the destruction at Gomanta and Jarasandha's plea, and urges Kalayavana to march on Mathura.",mathura,jarasandha_and_kings,Shalya; Kalayavana; Jarasandha; Krishna; Balarama,Yavana capital,envoy; war-appeal; recounting-battle,A,"Harivamsha (Dutt, Gutenberg #61937)",1,110,,,all,3,2,3,4,
DKS_0161,161,Kalayavana Marches on Mathura,"Kalayavana, elated by the kings' request, honors Shalya and sets out that very day with his army to vanquish Krishna.",mathura,jarasandha_and_kings,Kalayavana; Shalya; Krishna,Yavana capital; Mathura,pride; war-march; boast,A,"Harivamsha (Dutt, Gutenberg #61937)",1,111,,,all,3,2,3,4,VP 5.23 gives Gargya's penance as Kalayavana's origin; HV has Shalya invite him.
DKS_0162,162,The Serpent-Jar Stratagem Against Kalayavana,"As Kalayavana advances, Krishna sends him a sealed jar holding a black serpent as a warning; Kalayavana answers by filling the jar with ants that devour it.",mathura,jarasandha_and_kings,Krishna; Kalayavana,Mathura,stratagem; counter-stratagem; omens,A,"Harivamsha (Dutt, Gutenberg #61937)",1,114,,,all,3,3,3,4,
DKS_0163,163,Jarasandha Hurls His Mace toward Mathura,"Enraged by Kansa's death, Jarasandha whirls a mace ninety-nine times and hurls it toward Mathura where Krishna lives; the citizens inform Krishna of its fall.",pandava_period,jarasandha_and_kings,Krishna; Jarasandha; Kansa,Girivraja; Mathura,enmity; threat; warning,A,Mahabharata (Ganguli translation),2,19,,,all,2,3,2,4,
DKS_0164,164,Krishna Proposes Slaying Jarasandha as Prelude to the Rajasuya,"Krishna counsels that Jarasandha, unbeatable in battle by gods and asuras, must be slain in a bare-armed personal struggle, assigning policy to himself, strength to Bhima, and triumph to Arjuna.",pandava_period,jarasandha_and_kings,Krishna; Bhima; Arjuna; Jarasandha; Yudhishthira,Magadha,strategy; counsel; valour,A,Mahabharata (Ganguli translation),2,20,,,all,3,2,3,4,VARIANT of the Rajasuya slaying-plan: Mahabharata attributes the proposal to Krishna himself; Bhagavata Purana 10.71 presents the same plan as Uddhava's counsel to Krishna. Attribution difference is material — kept as separate stories.
DKS_0165,165,Krishna and the Pandavas Break the Chaityaka Peak,"Entering Girivraja not by the gate but by piercing the sacred Chaityaka peak, Krishna, Bhima and Arjuna break down the celebrated hill worshipped by the Magadhas.",pandava_period,jarasandha_and_kings,Krishna; Bhima; Arjuna,Girivraja; Chaityaka peak,defiance; strength; omen,A,Mahabharata (Ganguli translation),2,21,,,all,3,4,3,4,
DKS_0166,166,Krishna Speaks for the Silent Disguised Brothers,"Received by Jarasandha, Krishna explains that his two companions observe a vow of silence until midnight, so he alone speaks for the disguised trio.",pandava_period,jarasandha_and_kings,Krishna; Jarasandha; Bhima; Arjuna,Girivraja,disguise; cunning; etiquette,A,Mahabharata (Ganguli translation),2,21,,,all,3,3,3,4,
DKS_0167,167,Krishna Answers Jarasandha's Challenge about the Disguise,"When Jarasandha censures the disguised guests for entering by an improper gate, Krishna replies that a foe's abode is entered by the wrong gate and the foe's hospitality is refused.",pandava_period,jarasandha_and_kings,Krishna; Jarasandha,Girivraja,dialogue; defiance; war-ethics,A,Mahabharata (Ganguli translation),2,21,,,all,3,2,3,4,
DKS_0168,168,Krishna Refrains from Slaying Jarasandha,"Remembering Brahma's command that Jarasandha is destined to die at Bhima's hands, Krishna withholds his own hand and leaves the king to Bhima.",pandava_period,jarasandha_and_kings,Krishna; Jarasandha; Bhima,Girivraja,destiny; restraint; deference,A,Mahabharata (Ganguli translation),2,22,,,all,3,2,2,4,
DKS_0169,169,"Krishna Seizes Kalayavana's Host || Having destroyed Kalayavana by stratagem, Krishna captures his army of horses, elephants and cars, and delivers it to Ugrasena, freeing the Yadava race from fear of invasion.","Having destroyed Kalayavana by stratagem, Krishna captures his army of horses, elephants and cars, and delivers it to Ugrasena, freeing the Yadava race from fear of invasion.",dwaraka,jarasandha_and_kings,Krishna; Kalayavana; Ugrasena,Mathura; Dwaraka,victory; spoils; security,A,Vishnu Purana (Wilson 1840),5,24,,,all,2,2,2,4,
DKS_0170,170,Jarasandha Attacks and Besieges Mathura,"Kamsa's widows report to Jarasandha, who vows to destroy the Yadavas and besieges Mathura with twenty-three armies.",mathura,jarasandha_and_kings,Jarasandha; Krishna; Balarama; Asti; Prapti,Mathura,vengeance; war; siege,A,"Srimad Bhagavata Purana (Sanskrit, GRETIL)",10,50,1-5,,all,4,4,3,5,VP 5.22 folds in the routing of Jarasandha across eighteen attacks; HV splits the march (1.89) and the siege (1.90).
DKS_0171,171,A Divine Chariot and Weapons Descend for Krishna,"As Krishna deliberates, a divine chariot and celestial weapons descend from the sky; Krishna and Balarama ride out to battle.",mathura,jarasandha_and_kings,Krishna; Balarama; Daruka,Mathura,divine grace; war; resolve,A,"Srimad Bhagavata Purana (Sanskrit, GRETIL)",10,50,6-15,,all,4,5,3,5,
DKS_0172,172,The Yadavas Rout Jarasandha's Army and Spare Him,"Krishna and Balarama annihilate Jarasandha's host; Balarama seizes Jarasandha, but Krishna releases him to fight again.",mathura,jarasandha_and_kings,Krishna; Balarama; Jarasandha,Mathura,war; mercy; strategy,A,"Srimad Bhagavata Purana (Sanskrit, GRETIL)",10,50,16-41,,all,4,4,4,5,HV splits the battle and the divine voice sparing Jarasandha.
DKS_0173,173,Kalayavana Is Burned by Muchukunda's Glance,Krishna lures Kalayavana into Muchukunda's cave; the Yavana kicks the sleeping king and is reduced to ashes.,dwaraka,jarasandha_and_kings,Krishna; Kalayavana; Muchukunda,Dvaraka; Muchukunda's cave,cunning; divine retribution; fate,A,"Srimad Bhagavata Purana (Sanskrit, GRETIL)",10,51,1-11,,all,5,5,5,5,
DKS_0174,174,"Muchukunda's Story || Muchukunda, an Ikshvaku king who once guarded the gods against the asuras, was granted deep sleep as his reward.","Muchukunda, an Ikshvaku king who once guarded the gods against the asuras, was granted deep sleep as his reward.",dwaraka,jarasandha_and_kings,Muchukunda; Indra; Krishna,Muchukunda's cave,service; reward; time,A,"Srimad Bhagavata Purana (Sanskrit, GRETIL)",10,51,12-20,,all,3,2,2,5,BP-only beat; immediately precedes the boon (bp10c_015).
DKS_0175,175,"Krishna Grants Muchukunda His Boon || Krishna reveals himself to Muchukunda, who renounces all boons and asks only for devotion; Krishna grants him liberation in a future birth.","Krishna reveals himself to Muchukunda, who renounces all boons and asks only for devotion; Krishna grants him liberation in a future birth.",dwaraka,jarasandha_and_kings,Krishna; Muchukunda,Muchukunda's cave,devotion; renunciation; liberation,A,"Srimad Bhagavata Purana (Sanskrit, GRETIL)",10,51,21-62,,all,4,3,4,5,BP-only beat; follows Muchukunda's story (bp10c_014).
DKS_0176,176,"Krishna and Balarama Elude Jarasandha || Krishna and Balarama feign flight from Jarasandha, escape to Dvaraka over the sea, and Jarasandha falsely believes them burned.","Krishna and Balarama feign flight from Jarasandha, escape to Dvaraka over the sea, and Jarasandha falsely believes them burned.",dwaraka,jarasandha_and_kings,Krishna; Balarama; Jarasandha,Pravarshana hill; Dvaraka,strategy; escape; deception,A,"Srimad Bhagavata Purana (Sanskrit, GRETIL)",10,52,1-13,,all,4,4,4,5,Cross-ref: Harivamsha resolve to abandon Mathura (hv_a_001) and the founding (bp10c_012/vp5_023_02).
DKS_0177,177,"The Captive Kings Appeal to Krishna || A royal messenger arrives in Krishna's assembly and reports that Jarasandha has imprisoned twenty thousand defeated kings in Girivraja, who beg Krishna for release.","A royal messenger arrives in Krishna's assembly and reports that Jarasandha has imprisoned twenty thousand defeated kings in Girivraja, who beg Krishna for release.",dwaraka,jarasandha_and_kings,Krishna; Jarasandha; the captive kings; royal messenger,Dwaraka; Girivraja (Magadha),oppression; refuge; liberation,A,"Srimad Bhagavata Purana (Sanskrit, GRETIL)",10,70,20-30,,all,3,2,3,5,
DKS_0178,178,"Uddhava's Counsel to Slay Jarasandha || Uddhava advises Krishna that the Rajasuya requires conquering the directions, and that Jarasandha — who can only be killed by Bhima in single combat — must first be destroyed.","Uddhava advises Krishna that the Rajasuya requires conquering the directions, and that Jarasandha — who can only be killed by Bhima in single combat — must first be destroyed.",dwaraka,jarasandha_and_kings,Krishna; Uddhava; Bhima; Arjuna; Jarasandha,Dwaraka,strategy; duty; alliance,A,"Srimad Bhagavata Purana (Sanskrit, GRETIL)",10,71,1-10,,all,3,2,3,5,VARIANT of the Rajasuya slaying-plan: Bhagavata Purana attributes the plan to Uddhava's counsel; Mahabharata 2.20 presents Krishna himself proposing it. Attribution difference is material — kept as separate stories.
DKS_0179,179,"Krishna's Grand Procession from Dwaraka || Krishna departs Dwaraka for Indraprastha with a vast army, chariots, elephants and his queens, to the sound of drums and conches.","Krishna departs Dwaraka for Indraprastha with a vast army, chariots, elephants and his queens, to the sound of drums and conches.",dwaraka,jarasandha_and_kings,Krishna; Balarama; Narada,Dwaraka,royal procession; journey; majesty,A,"Srimad Bhagavata Purana (Sanskrit, GRETIL)",10,71,11-21,,all,3,4,2,5,
DKS_0180,180,Sahadeva Crowned and the Kings Freed || Krishna crowns Jarasandha's son Sahadeva king of Magadha and releases all the kings imprisoned by Jarasandha.,Krishna crowns Jarasandha's son Sahadeva king of Magadha and releases all the kings imprisoned by Jarasandha.,dwaraka,jarasandha_and_kings,Krishna; Sahadeva; the captive kings,Girivraja (Magadha),liberation; justice; succession,A,"Srimad Bhagavata Purana (Sanskrit, GRETIL)",10,72,45,,all,3,2,3,5,
DKS_0181,181,"Krishna, Bhima and Arjuna Approach Jarasandha in Disguise","Krishna, Bhima and Arjuna travel to Girivraja disguised as brahmanas and ask Jarasandha for alms, testing his charity.",dwaraka,jarasandha_and_kings,Krishna; Bhima; Arjuna; Jarasandha,Girivraja (Magadha),disguise; strategy; hospitality,A,"Srimad Bhagavata Purana (Sanskrit, GRETIL)",10,72,14-26,,all,4,4,3,5,
DKS_0182,182,Krishna Reveals Their Identities and Challenges Jarasandha,"Krishna reveals their true identities and asks for single combat; Jarasandha laughs, taunts Krishna as a coward who fled Mathura, and chooses Bhima as his opponent.",dwaraka,jarasandha_and_kings,Krishna; Bhima; Arjuna; Jarasandha,Girivraja,challenge; insult; honor,A,"Srimad Bhagavata Purana (Sanskrit, GRETIL)",10,72,27-32,,all,4,3,4,5,
DKS_0183,183,"The Mace-Duel of Bhima and Jarasandha || Bhima and Jarasandha fight an indecisive mace-duel, exchanging blows that crush their clubs, then striking with iron-hard fists.","Bhima and Jarasandha fight an indecisive mace-duel, exchanging blows that crush their clubs, then striking with iron-hard fists.",dwaraka,jarasandha_and_kings,Bhima; Jarasandha,outside Girivraja,combat; strength; endurance,A,"Srimad Bhagavata Purana (Sanskrit, GRETIL)",10,72,33-38,,mild_violence,4,5,4,5,
DKS_0184,184,"Krishna's Signal: Jarasandha Split in Two || Knowing Jarasandha's birth secret, Krishna signals by splitting a twig; Bhima tears Jarasandha in two and kills him.","Knowing Jarasandha's birth secret, Krishna signals by splitting a twig; Bhima tears Jarasandha in two and kills him.",dwaraka,jarasandha_and_kings,Krishna; Bhima; Arjuna; Jarasandha,outside Girivraja,divine insight; trick; justice,A,"Srimad Bhagavata Purana (Sanskrit, GRETIL)",10,72,39-44,,mild_violence,4,4,4,5,
DKS_0185,185,"The Liberated Kings Behold Krishna || Twenty thousand eight hundred freed kings emerge from the mountain prison, behold Krishna's form, praise him, receive his teaching, and are sent home with honor.","Twenty thousand eight hundred freed kings emerge from the mountain prison, behold Krishna's form, praise him, receive his teaching, and are sent home with honor.",dwaraka,jarasandha_and_kings,Krishna; the twenty thousand kings; Sahadeva,Girivraja,liberation; devotion; gratitude,A,"Srimad Bhagavata Purana (Sanskrit, GRETIL)",10,73,1-29,,all,3,3,3,5,
DKS_0186,186,"Krishna Selects the Site of Dwaraka || The Yadavas reach the ocean shore, and Krishna, seeking a place to build, chooses the coppery tract near Mount Raivata where the Yadavas encamp.","The Yadavas reach the ocean shore, and Krishna, seeking a place to build, chooses the coppery tract near Mount Raivata where the Yadavas encamp.",dwaraka,dwaraka_founded,Krishna,Dwaraka; Raivata; ocean shore,site-selection; foundation,A,"Harivamsha (Dutt, Gutenberg #61937)",1,113,,,all,3,3,3,4,Cross-ref: founding cluster (bp10c_012/vp5_023_02); site-selection beat.
DKS_0187,187,Krishna Enriches Dwaraka || Krishna bids the treasure-guard Sankha shower wealth on every household and sends Vayu to fetch the celestial assembly-hall Sudharma from heaven.,Krishna bids the treasure-guard Sankha shower wealth on every household and sends Vayu to fetch the celestial assembly-hall Sudharma from heaven.,dwaraka,dwaraka_founded,Krishna; Sankha; Vayu; Ugrasena,Dwaraka,prosperity; benevolence; celestial-gift,A,"Harivamsha (Dutt, Gutenberg #61937)",1,115,,,all,3,3,3,4,Cross-ref: founding cluster; enrichment beat.
DKS_0188,188,"Vishwakarma Adorns Dwarka for Krishna || At Indra's request, the celestial architect Vishwakarma beautifies Dwarka after Amaravati, building golden palaces for each of Krishna's queens, and Krishna enters the adorned city.","At Indra's request, the celestial architect Vishwakarma beautifies Dwarka after Amaravati, building golden palaces for each of Krishna's queens, and Krishna enters the adorned city.",dwaraka,dwaraka_founded,Krishna; Vishwakarma; Indra,Dwarka,architecture; splendour; divine city,A,"Harivamsha (Dutt, Gutenberg #61937)",1,245,,,all,2,4,2,4,
DKS_0189,189,Viswakarma Builds Dwaraka for Krishna,"Facing Kalayavana and Jarasandha together, Krishna builds the fortress-city of Dvaraka in the sea and relocates the Yadavas.",dwaraka,dwaraka_founded,Krishna; Balarama; Vishvakarma,Dvaraka,strategy; protection; construction,A,"Srimad Bhagavata Purana (Sanskrit, GRETIL)",10,50,42-56,,all,4,5,4,5,
DKS_0190,190,News of Rukmini's Swayamvara,"Spies inform Krishna that Rukmini, sister of Rukmi, will hold her swayamvara at Kundina; Krishna sets out with the Yadava army, bidding Ugrasena guard Mathura.",mathura,rukmini_and_marriages,Krishna; Ugrasena; Rukmini; Rukmi,Kundina; Mathura,swayamvara; departure; counsel,A,"Harivamsha (Dutt, Gutenberg #61937)",1,103,,,all,3,3,3,4,
DKS_0191,191,Krishna Summons Garuda at Bhishmaka's House,"Arriving at Bhishmaka's house for the swayamvara, Krishna thinks of Garuda to overawe the assembled kings, and the bird-king appears, shaking the earth with his wings.",mathura,rukmini_and_marriages,Krishna; Garuda,Kundina; Vidarbha,divine-carrier; display-of-power; awe,A,"Harivamsha (Dutt, Gutenberg #61937)",1,104,,,all,4,4,4,4,
DKS_0192,192,Krishna Reveals Rukmini Is Lakshmi,"In dialogue with Bhishmaka, Krishna declares that Rukmini is the goddess Lakshmi born to be his wife and should not be given away in a public swayamvara.",mathura,rukmini_and_marriages,Krishna; Bhishmaka; Rukmini,Kundina,divine-identity; marriage-destiny; forgiveness,A,"Harivamsha (Dutt, Gutenberg #61937)",1,108,,,all,4,3,3,4,
DKS_0193,193,Bhishmaka Beholds Krishna's Cosmic Form,"Krishna takes leave of Bhishmaka, who beholds his universal form of a thousand heads and arms and worships him with a eulogy before the kings follow him out.",mathura,rukmini_and_marriages,Krishna; Bhishmaka; Garuda,Kundina,cosmic-form; eulogy; departure,A,"Harivamsha (Dutt, Gutenberg #61937)",1,108,,,all,4,5,3,4,
DKS_0194,194,Rukmini Declares She Weds Only Krishna,"After the kings disperse, Rukmini tells her friends that she will accept no husband but the lotus-eyed Krishna.",mathura,rukmini_and_marriages,Rukmini; Krishna,Kundina,love; determination; devotion,A,"Harivamsha (Dutt, Gutenberg #61937)",1,109,,,all,3,2,3,4,
DKS_0195,195,"Krishna Carries Off Rukmini and Wins Satya || Uddhava recalls how Krishna carried off Rukmini, Bhishmaka's daughter, by the gandharva rite, and how he defeated the proud kings to win Satya (Nagnajiti) at her svayamvara.","Uddhava recalls how Krishna carried off Rukmini, Bhishmaka's daughter, by the gandharva rite, and how he defeated the proud kings to win Satya (Nagnajiti) at her svayamvara.",dwaraka,rukmini_and_marriages,Krishna; Rukmini; Satya (Nagnajiti),Kundina; the svayamvara hall,elopement; marriage; valour,A,"Srimad Bhagavata Purana (Sanskrit, GRETIL)",3,3,2-3,,all,3,3,3,5,Recall bundling Rukmini's abduction + Satya's svayamvara; cross-ref both clusters.
DKS_0196,196,"Rukmini Resolves to Marry Krishna and Sends a Brahmana Messenger || Princess Rukmini, hearing of Krishna's virtues, resolves to wed him and sends a brahmana to Dvaraka with her secret message.","Princess Rukmini, hearing of Krishna's virtues, resolves to wed him and sends a brahmana to Dvaraka with her secret message.",dwaraka,rukmini_and_marriages,Rukmini; Krishna; Rukmi; Brahmana,Kundina; Dvaraka,love; resolve; devotion,A,"Srimad Bhagavata Purana (Sanskrit, GRETIL)",10,52,14-27,,all,4,3,4,5,Cross-ref: Rukmini abduction cluster (bp10c_021/vp5_026_01); message is bp10c_018.
DKS_0197,197,Rukmini's Love-Message to Krishna || Rukmini's message begs Krishna to carry her away in the rakshasa manner before Shishupala can claim her.,Rukmini's message begs Krishna to carry her away in the rakshasa manner before Shishupala can claim her.,dwaraka,rukmini_and_marriages,Rukmini; Krishna; Shishupala,Kundina,love; plea; devotion,A,"Srimad Bhagavata Purana (Sanskrit, GRETIL)",10,52,28-42,,all,5,4,4,5,Cross-ref: Rukmini abduction cluster; resolve is bp10c_017.
DKS_0198,198,"Krishna Hastens to Kundina || Krishna receives Rukmini's message and races overnight to Kundina, where rival kings are gathering to enforce Shishupala's claim.","Krishna receives Rukmini's message and races overnight to Kundina, where rival kings are gathering to enforce Shishupala's claim.",dwaraka,rukmini_and_marriages,Krishna; Daruka; Rukmini; Shishupala,Kundina,haste; love; resolve,A,"Srimad Bhagavata Purana (Sanskrit, GRETIL)",10,53,1-20,,all,4,4,4,5,Cross-ref: Rukmini abduction cluster (bp10c_021/vp5_026_01).
DKS_0199,199,"Rukmini's Prayer at the Temple of Ambika || Anxious at Krishna's delay, Rukmini visits the temple of goddess Ambika and prays that Krishna alone may be her husband.","Anxious at Krishna's delay, Rukmini visits the temple of goddess Ambika and prays that Krishna alone may be her husband.",dwaraka,rukmini_and_marriages,Rukmini; Krishna,Kundina,anxiety; devotion; prayer,A,"Srimad Bhagavata Purana (Sanskrit, GRETIL)",10,53,20-52,,all,4,4,4,5,Cross-ref: Rukmini abduction cluster; distinct prayer beat.
DKS_0200,200,Krishna Carries Off Rukmini,"Krishna seizes Rukmini as she leaves the temple, places her on his chariot, and rides off before the assembled kings.",dwaraka,rukmini_and_marriages,Krishna; Rukmini,Kundina,abduction; love; triumph,A,"Srimad Bhagavata Purana (Sanskrit, GRETIL)",10,53,52-56,,all,5,5,5,5,BP 10.53 seizes her at the svayamvara after her temple prayer; VP 5.26 carries her off on the eve of her betrothal to Sisupala.
DKS_0201,201,Krishna Defeats and Spares Rukmi,"Krishna's forces rout the pursuing kings; Rukmi chases alone, and Krishna defeats and disfigures him but spares his life at Rukmini's entreaty.",dwaraka,rukmini_and_marriages,Krishna; Rukmi; Rukmini; Balarama,Kundina,battle; mercy; family,A,"Srimad Bhagavata Purana (Sanskrit, GRETIL)",10,54,1-35,,all,5,4,4,5,Harivamsha 1.116 has Rukmi vow to slay Krishna then duel near the Narmada; VP/BP have him pursue and be spared at Rukmini's plea.
DKS_0202,202,Krishna Marries Rukmini,"Rukmi founds the city of Bhojakata, and Krishna formally weds Rukmini in Dvaraka amid citywide celebration.",dwaraka,rukmini_and_marriages,Krishna; Rukmini; Rukmi,Dvaraka; Bhojakata,marriage; celebration; honor,A,"Srimad Bhagavata Purana (Sanskrit, GRETIL)",10,54,35-59,,all,4,4,3,5,VP 5.26 bundles Pradyumna's birth with the marriage; Harivamsha notes Rukmini as first wife and mother of ten sons.
DKS_0203,203,Krishna Weds Kalindi at the Yamuna,"While hunting with Arjuna, Krishna meets Kalindi, daughter of the Sun, doing penance at the Yamuna, and later weds her.",pandava_period,rukmini_and_marriages,Krishna; Kalindi; Arjuna,Yamuna river; Indraprastha,penance; marriage; devotion,A,"Srimad Bhagavata Purana (Sanskrit, GRETIL)",10,58,12-28,,all,3,4,3,5,
DKS_0204,204,Krishna Abducts Mitravinda and Wins Satya || Krishna carries off Mitravinda of Avanti from her svayamvara and wins Satya of Kosala by taming seven fierce bulls.,Krishna carries off Mitravinda of Avanti from her svayamvara and wins Satya of Kosala by taming seven fierce bulls.,dwaraka,rukmini_and_marriages,Krishna; Mitravinda; Satya; Nagnajit,Avanti; Kosala,valor; marriage; strength,A,"Srimad Bhagavata Purana (Sanskrit, GRETIL)",10,58,29-55,,all,4,5,4,5,Bundles two moments (Mitravinda + Satya); cross-ref bpc1_040 for the Satya recall.
DKS_0205,205,"Krishna Jests with Rukmini || Krishna playfully tells Rukmini she chose a poor, unworthy husband; she faints in grief, thinking he means to abandon her.","Krishna playfully tells Rukmini she chose a poor, unworthy husband; she faints in grief, thinking he means to abandon her.",dwaraka,rukmini_and_marriages,Krishna; Rukmini,Dvaraka,playfulness; love; anguish,A,"Srimad Bhagavata Purana (Sanskrit, GRETIL)",10,60,1-27,,all,4,4,4,5,BP-only; paired with consolation beat (bp10c_049).
DKS_0206,206,"Krishna Consoles Rukmini || Krishna lifts Rukmini, reveals his jest, praises her devotion, and the two are reconciled in love.","Krishna lifts Rukmini, reveals his jest, praises her devotion, and the two are reconciled in love.",dwaraka,rukmini_and_marriages,Krishna; Rukmini,Dvaraka,reconciliation; devotion; love,A,"Srimad Bhagavata Purana (Sanskrit, GRETIL)",10,60,28-58,,all,4,3,3,5,BP-only; paired with jest beat (bp10c_048).
DKS_0207,207,Balarama Slays Rukmi at the Dice Game,"At the wedding, Rukmi cheats Balarama at dice and insults him; enraged, Balarama kills Rukmi with his iron club.",dwaraka,rukmini_and_marriages,Balarama; Rukmi; Krishna,Bhojakata,gambling; pride; retribution,A,"Srimad Bhagavata Purana (Sanskrit, GRETIL)",10,61,26-39,,mild_violence,5,4,4,5,"Weapon varies: iron club (BP), dice-board (Harivamsha). VP adds a heavenly voice confirms the foul play."
DKS_0208,208,Krishna Wins Lakshmana at Her Svayamvara,"Krishna weds Bhadra, daughter of his aunt, and carries off Lakshmana of Madra from her svayamvara.",dwaraka,rukmini_and_marriages,Krishna; Bhadra; Lakshmana,Dvaraka; Madra,marriage; alliance,A,"Srimad Bhagavata Purana (Sanskrit, GRETIL)",10,58,55-57,,all,4,5,4,5,"bp10d_039 gives Lakshmana's own account (strung a bow, shot the fish target); bp10c_040 bundles her abduction with Bhadra's marriage."
DKS_0209,209,"The Vrishnis Suspect Krishna of Stealing the Jewel || Hearing of Prasena's death, the Vrishnis and Andhakas suspect Krishna of stealing the Syamantaka; the innocent Krishna resolves to recover it.","Hearing of Prasena's death, the Vrishnis and Andhakas suspect Krishna of stealing the Syamantaka; the innocent Krishna resolves to recover it.",dwaraka,syamantaka_jewel,Krishna; Vrishnis; Andhakas,Dwarka,false accusation; honour,A,"Harivamsha (Dutt, Gutenberg #61937)",1,38,,,all,3,2,3,4,Cross-ref: Prasena cluster (bp10c_029/hv_a_003); distinct accusation beat.
DKS_0210,210,"Balarama Departs to Mithila in Anger || Believing Krishna is withholding the jewel, Balarama angrily leaves for Mithila, where Duryodhana learns the use of clubs from him.","Believing Krishna is withholding the jewel, Balarama angrily leaves for Mithila, where Duryodhana learns the use of clubs from him.",dwaraka,syamantaka_jewel,Balarama; Krishna; Duryodhana,Mithila,suspicion; estrangement; reconciliation,A,"Harivamsha (Dutt, Gutenberg #61937)",1,39,,,all,3,2,3,4,Cross-ref: Satadhanva cluster (bp10c_034/hv_a_008).
DKS_0211,211,"Akrura's Exile Brings Drought; His Return Brings Rain || After Akrura leaves Dwarka, Indra withholds rain and drought devastates the land; when he returns, the rains fall again.","After Akrura leaves Dwarka, Indra withholds rain and drought devastates the land; when he returns, the rains fall again.",dwaraka,syamantaka_jewel,Akrura; Indra; Kukuras; Andhakas,Dwarka,drought; piety,A,"Harivamsha (Dutt, Gutenberg #61937)",1,39,,,all,3,3,3,4,Harivamsha-only; Akrura's exile/drought episode.
DKS_0212,212,Surya Grants Satrajit the Syamantaka Jewel,"Surya gives his devotee Satrajit the Syamantaka jewel, which yields eight loads of gold daily and makes him shine like the sun.",dwaraka,syamantaka_jewel,Satrajit; Surya; Krishna,Dvaraka,gift; splendor; wealth,A,"Srimad Bhagavata Purana (Sanskrit, GRETIL)",10,56,1-10,,all,4,4,4,5,BP: jewel yields eight loads of gold daily; Harivamsha: Satrajit worships the sun on the ocean bank.
DKS_0213,213,Prasena Is Slain by a Lion for the Jewel,"Satrajit refuses to hand the jewel to Krishna; his brother Prasena, wearing it on a hunt, is killed by a lion, and rumor blames Krishna.",dwaraka,syamantaka_jewel,Satrajit; Prasena; Krishna; Jambavan,Dvaraka; forest,pride; rumor; injustice,A,"Srimad Bhagavata Purana (Sanskrit, GRETIL)",10,56,11-15,,all,4,4,4,5,BP 10.56 bundles Satrajit's refusal and the rumor blaming Krishna into the same beat; Harivamsha adds Jambavan killing the lion and taking the jewel.
DKS_0214,214,Krishna Wrestles Jambavan for the Jewel,"To clear his name, Krishna traces Prasena's path, enters Jambavan's cave, and fights the bear-king for twenty-eight days before Jambavan yields the jewel and his daughter.",dwaraka,syamantaka_jewel,Krishna; Jambavan; Jambavati,Jambavan's cave,honor; combat; recognition,A,"Srimad Bhagavata Purana (Sanskrit, GRETIL)",10,56,16-31,,all,5,5,5,5,Duration varies: twenty-eight days (BP) vs twenty-one days (Harivamsha).
DKS_0215,215,Krishna Returns the Jewel and Clears His Name,"Krishna returns with the jewel and Jambavati, clears his name in open assembly, and returns the Syamantaka to Satrajit, who also offers Satyabhama.",dwaraka,syamantaka_jewel,Krishna; Satrajit; Satyabhama; Jambavati,Dvaraka,vindication; honesty; gratitude,A,"Srimad Bhagavata Purana (Sanskrit, GRETIL)",10,56,32-44,,all,4,3,4,5,BP has him clear his name in open assembly and also receive Satyabhama.
DKS_0216,216,Satadhanva Murders Satrajit for the Jewel,"Instigated by Akrura and Kritavarma, Satadhanva murders the sleeping Satrajit and steals the Syamantaka jewel.",dwaraka,syamantaka_jewel,Satadhanva; Satrajit; Akrura; Kritavarma,Dvaraka,greed; murder; betrayal,A,"Srimad Bhagavata Purana (Sanskrit, GRETIL)",10,57,1-5,,all,4,4,4,5,Harivamsha adds that Shatadhanwa secretly gives the jewel to Akrura; BP notes instigation by Akrura and Kritavarma.
DKS_0217,217,"Satyabhama Reports Her Father's Murder || Satyabhama finds her father slain, and hastens to Hastinapura to tell Krishna, who laments with Balarama.","Satyabhama finds her father slain, and hastens to Hastinapura to tell Krishna, who laments with Balarama.",dwaraka,syamantaka_jewel,Satyabhama; Krishna; Balarama,Dvaraka; Hastinapura,grief; duty; family,A,"Srimad Bhagavata Purana (Sanskrit, GRETIL)",10,57,6-8,,all,3,3,3,5,Cross-ref: Satadhanva cluster (bp10c_032/hv_a_007).
DKS_0218,218,Krishna Pursues and Slays Satadhanva,Krishna pursues and beheads Satadhanva near Mithila but finds no jewel; Balarama goes on to visit King Janaka.,dwaraka,syamantaka_jewel,Krishna; Balarama; Satadhanva,Mithila,pursuit; justice; disappointment,A,"Srimad Bhagavata Purana (Sanskrit, GRETIL)",10,57,9-25,,all,4,4,4,5,"Both: killed near Mithila, no jewel found."
DKS_0219,219,Krishna Reclaims the Jewel from Akrura,"Krishna reveals that Satadhanva had left the jewel with Akrura; Akrura produces it, and Krishna returns it to him after showing it to his kinsmen.",dwaraka,syamantaka_jewel,Krishna; Akrura; Balarama,Dvaraka,reconciliation; trust; truth,A,"Srimad Bhagavata Purana (Sanskrit, GRETIL)",10,57,26-40,,all,4,3,3,5,Both have Krishna discern the jewel is with Akrura and return it to him after showing it in assembly.
DKS_0220,220,Indra Reports Naraka's Tyranny and Asks Krishna's Help,"Indra descends to Dwaraka, recounts how the demon Naraka stole Aditi's ear-rings, and asks Krishna to slay him; Krishna departs with Satyabhama on Garuda.",dwaraka,narakasura_and_gods,Krishna; Indra; Satyabhama; Naraka,Dwaraka; Pragjyotisha,appeal-for-help; divine-mission; boon-of-brahma,A,"Harivamsha (Dutt, Gutenberg #61937)",1,120,,,all,4,4,3,4,"VP lists Naraka's thefts (maidens, Varuna's umbrella, Aditi's earrings, demands Indra's elephant); Harivamsha has Indra descend and Krishna depart with Satyabhama on Garuda."
DKS_0221,221,"Narada Presents the Parijata Flower to Rukmini || Narada gives Krishna a Parijata flower, which Krishna passes to Rukmini; the sage extols Rukmini as the foremost of his wives.","Narada gives Krishna a Parijata flower, which Krishna passes to Rukmini; the sage extols Rukmini as the foremost of his wives.",dwaraka,narakasura_and_gods,Narada; Krishna; Rukmini,Raivataka,favoritism; divine-flower; praise,A,"Harivamsha (Dutt, Gutenberg #61937)",1,122,,,all,3,3,3,4,
DKS_0222,222,"Satyabhama Is Consumed by Jealousy || Satyabhama's maids report Rukmini's good fortune; the proud queen, unable to bear her co-wife's honor, casts off her ornaments and retires to the apartment of anger.","Satyabhama's maids report Rukmini's good fortune; the proud queen, unable to bear her co-wife's honor, casts off her ornaments and retires to the apartment of anger.",dwaraka,narakasura_and_gods,Satyabhama; Krishna; Rukmini,Raivataka,jealousy; honour; co-wives,A,"Harivamsha (Dutt, Gutenberg #61937)",1,122,,,all,3,3,3,4,
DKS_0223,223,"Krishna Consoles the Jealous Satyabhama || Krishna steals into Satyabhama's chamber and, fanning her and wiping her tears, protests that his love dwells in her alone.","Krishna steals into Satyabhama's chamber and, fanning her and wiping her tears, protests that his love dwells in her alone.",dwaraka,narakasura_and_gods,Krishna; Satyabhama,Raivataka,jealousy; reconciliation; tenderness,A,"Harivamsha (Dutt, Gutenberg #61937)",1,123,,,all,3,3,3,4,
DKS_0224,224,Krishna Promises Satyabhama the Parijata Tree || Satyabhama confesses her grief over the Parijata flower given to Rukmini; Krishna vows to fetch the whole Parijata tree from Indra's heaven for her.,Satyabhama confesses her grief over the Parijata flower given to Rukmini; Krishna vows to fetch the whole Parijata tree from Indra's heaven for her.,dwaraka,narakasura_and_gods,Krishna; Satyabhama; Narada,Raivataka,promise; jealousy; devotion,A,"Harivamsha (Dutt, Gutenberg #61937)",1,124,,,all,3,3,3,4,
DKS_0225,225,"Krishna Sends Narada to Ask Indra for the Parijata || Krishna asks Narada to request the Parijata tree from Indra as a brotherly favour, and warns that if refused he will come himself to seize it.","Krishna asks Narada to request the Parijata tree from Indra as a brotherly favour, and warns that if refused he will come himself to seize it.",dwaraka,narakasura_and_gods,Krishna; Narada; Indra,Dwaraka,envoy; brotherhood; ultimatum,A,"Harivamsha (Dutt, Gutenberg #61937)",1,125,,,all,3,3,3,4,
DKS_0226,226,"Indra Refuses and Challenges Krishna || Narada relays Krishna's demand; Indra, recounting past grievances, refuses to part with the Parijata tree unless conquered in battle and sends back a challenge.","Narada relays Krishna's demand; Indra, recounting past grievances, refuses to part with the Parijata tree unless conquered in battle and sends back a challenge.",dwaraka,narakasura_and_gods,Indra; Narada; Krishna,heaven,refusal; challenge; fraternal-rift,A,"Harivamsha (Dutt, Gutenberg #61937)",1,127,,,all,3,3,3,4,
DKS_0227,227,Indra and the Gods Contend with Krishna over the Parijata,"The garden-keepers alert Indra, who rides out on Airavata and demands Krishna return the Parijata, challenging him to battle for it.",dwaraka,narakasura_and_gods,Krishna; Indra; Jayanta,Nandana forest; eastern gate of heaven,confrontation; pride; battle,A,"Harivamsha (Dutt, Gutenberg #61937)",1,220,,,all,4,5,4,4,VP: Krishna disarms all the gods with his discus and spares Indra; Harivamsha: Indra rides Airavata and challenges Krishna to battle.
DKS_0228,228,"Satyaki Fights the Brahmana Pravara; Garuda Strikes Him Down || Satyaki duels the twice-born warrior Pravara, who repeatedly disarms him; when Pravara tries to seize the Parijata, Garuda's wing-blow hurls him and his car four miles back.","Satyaki duels the twice-born warrior Pravara, who repeatedly disarms him; when Pravara tries to seize the Parijata, Garuda's wing-blow hurls him and his car four miles back.",dwaraka,narakasura_and_gods,Satyaki; Pravara; Garuda; Pradyumna,sky over Nandana,duel; Brahmana-warrior; loyalty,A,"Harivamsha (Dutt, Gutenberg #61937)",1,220,,,mild_violence,3,4,3,4,
DKS_0229,229,"Garuda Fells Airavata from Heaven || Garuda fights Indra's elephant Airavata, striking it with claws and talons until the wounded elephant falls from the heights of heaven onto the Parijatra mountain.","Garuda fights Indra's elephant Airavata, striking it with claws and talons until the wounded elephant falls from the heights of heaven onto the Parijatra mountain.",dwaraka,narakasura_and_gods,Garuda; Airavata; Krishna; Indra,heaven; Parijatra mountain,battle; bird vs elephant; strength,A,"Harivamsha (Dutt, Gutenberg #61937)",1,220,,,mild_violence,4,4,4,4,
DKS_0230,230,"Krishna Worships Shiva and Wins His Boon || Pausing the fight at nightfall, Krishna performs ablutions in the Ganga, eulogizes Shiva with a hymn, and Shiva appears with Uma, granting that he shall carry away the Parijata and remain invincible.","Pausing the fight at nightfall, Krishna performs ablutions in the Ganga, eulogizes Shiva with a hymn, and Shiva appears with Uma, granting that he shall carry away the Parijata and remain invincible.",dwaraka,narakasura_and_gods,Krishna; Shiva (Mahadeva); Uma; Ganga,Parijatra mountain; river Ganga,devotion; hymn; boon,A,"Harivamsha (Dutt, Gutenberg #61937)",1,221,,,all,3,3,3,4,
DKS_0231,231,Shiva Reveals the Danava Stronghold of Satpura || Shiva tells Krishna of the Danavas hidden in the Satpura stronghold beneath the mountain — invincible to the gods by Brahma's boon — and Krishna is enshrined on the Parijatra mountain.,Shiva tells Krishna of the Danavas hidden in the Satpura stronghold beneath the mountain — invincible to the gods by Brahma's boon — and Krishna is enshrined on the Parijatra mountain.,dwaraka,narakasura_and_gods,Krishna; Shiva (Mahadeva); Danavas,Satpura stronghold; Parijatra mountain,revelation; hidden enemies; shrine,A,"Harivamsha (Dutt, Gutenberg #61937)",1,221,,,all,3,3,3,4,
DKS_0232,232,Krishna Brings the Parijata to Satyabhama in Dvaraka,"Aditi grants Krishna the Parijata for Satyabhama's rite on condition of its return; Krishna plants it at Raivataka and carries it into Dwarka, where Satyabhama receives it joyfully.",dwaraka,narakasura_and_gods,Krishna; Aditi; Satyabhama; Satyaki; Pradyumna,Dwarka; Raivataka mountain,gift; marital devotion; wonder,A,"Harivamsha (Dutt, Gutenberg #61937)",1,222,,,all,4,4,4,4,Harivamsha: Aditi grants it on condition of return; VP: planted in Satyabhama's garden.
DKS_0233,233,"Kashyapa and Aditi Reconcile Krishna and Indra || Sent by Brahma, the parents Kashyapa and Aditi halt the battle, and the two 'brothers' lay down their arms, bathe in the Jahnvi, and are reconciled.","Sent by Brahma, the parents Kashyapa and Aditi halt the battle, and the two 'brothers' lay down their arms, bathe in the Jahnvi, and are reconciled.",dwaraka,narakasura_and_gods,Krishna; Indra; Kashyapa; Aditi; Brahma,battlefield; river Jahnvi,reconciliation; family; peace,A,"Harivamsha (Dutt, Gutenberg #61937)",1,222,,,all,3,2,3,4,
DKS_0234,234,"Satyabhama's Punyaka Rite and the Gift to Narada || Satyabhama binds Krishna to the Parijata, dedicates him to the sage Narada, and gifts gold, kine and jewels; Narada releases him for a fee, and Satyabhama distributes celestial garments to the sixteen thousand wives.","Satyabhama binds Krishna to the Parijata, dedicates him to the sage Narada, and gifts gold, kine and jewels; Narada releases him for a fee, and Satyabhama distributes celestial garments to the sixteen thousand wives.",dwaraka,narakasura_and_gods,Satyabhama; Krishna; Narada,Dwarka,rite; generosity; playful devotion,A,"Harivamsha (Dutt, Gutenberg #61937)",1,223,,,all,3,3,3,4,
DKS_0235,235,"Krishna Returns the Parijata and Vows to Destroy the Danavas || After a year of festival, Krishna returns the Parijata to heaven, and before Indra vows to slay, within ten days, the Danavas that the gods cannot kill.","After a year of festival, Krishna returns the Parijata to heaven, and before Indra vows to slay, within ten days, the Danavas that the gods cannot kill.",dwaraka,narakasura_and_gods,Krishna; Indra; Aditi; Kashyapa; Shiva,heaven; Dwarka,vow; promise; return,A,"Harivamsha (Dutt, Gutenberg #61937)",1,223,,,all,3,2,3,4,
DKS_0236,236,"The Danavas Demand a Share of Brahmadatta's Yajna || At the Brahmana Brahmadatta's year-long sacrifice in Shatpura, the Danava Nikumbha and his kin demand Soma, jewels and the Brahmana's daughters, threatening to disrupt the rite.","At the Brahmana Brahmadatta's year-long sacrifice in Shatpura, the Danava Nikumbha and his kin demand Soma, jewels and the Brahmana's daughters, threatening to disrupt the rite.",dwaraka,narakasura_and_gods,Brahmadatta; Nikumbha; Danavas; Vasudeva; Devaki,Shatpura; bank of river Avarta,sacrilege; demand; threat,A,"Harivamsha (Dutt, Gutenberg #61937)",1,230,,,all,3,3,3,4,
DKS_0237,237,"Narada Incites the Kings to Aid the Asuras || Narada, foreseeing a clash at the crowded sacrifice, prompts the Asuras to bribe the assembled kings with jewels and maidens so they will fight the Yadavas — while warning the Pandavas to hold back.","Narada, foreseeing a clash at the crowded sacrifice, prompts the Asuras to bribe the assembled kings with jewels and maidens so they will fight the Yadavas — while warning the Pandavas to hold back.",dwaraka,narakasura_and_gods,Narada; Nikumbha; kings; Pandavas,Shatpura,instigation; politics; conflict,A,"Harivamsha (Dutt, Gutenberg #61937)",1,230,,,all,2,2,2,4,
DKS_0238,238,"Nikumbha Imprisons the Yadava Heroes by Maya || Using his illusive powers, Nikumbha carries Anadhrishti, Kritavarma, Charudeshna and many other Yadavas one by one into the Shatpura cave and imprisons them, enraging Krishna and Baladeva.","Using his illusive powers, Nikumbha carries Anadhrishti, Kritavarma, Charudeshna and many other Yadavas one by one into the Shatpura cave and imprisons them, enraging Krishna and Baladeva.",dwaraka,narakasura_and_gods,Nikumbha; Anadhrishti; Kritavarma; Krishna; Baladeva,Shatpura cave,illusion (maya); captivity; rage,A,"Harivamsha (Dutt, Gutenberg #61937)",1,231,,,mild_violence,3,3,3,4,
DKS_0239,239,"Krishna Routs the Asuras with the Sarnga Bow || Krishna, with his Sarnga bow, consumes the Danava host like fire on grass, while Jayanta and Pravara slay from the sky every Asura who tries to escape upward.","Krishna, with his Sarnga bow, consumes the Danava host like fire on grass, while Jayanta and Pravara slay from the sky every Asura who tries to escape upward.",dwaraka,narakasura_and_gods,Krishna; Jayanta; Pravara; Asuras,Shatpura battlefield,battle; divine bow; rout,A,"Harivamsha (Dutt, Gutenberg #61937)",1,231,,,mild_violence,4,4,4,4,
DKS_0240,240,"Krishna Distributes the Spoils and Grants Shatpura to Brahmadatta || After the victory, Krishna gives the Daitya maidens to the Yadavas, jewels and raiment to the kings, six thousand chariots to the Pandavas, and the city of Shatpura to Brahmadatta.","After the victory, Krishna gives the Daitya maidens to the Yadavas, jewels and raiment to the kings, six thousand chariots to the Pandavas, and the city of Shatpura to Brahmadatta.",dwaraka,narakasura_and_gods,Krishna; Brahmadatta; Pandavas; Yadavas,Shatpura,spoils; generosity; restoration,A,"Harivamsha (Dutt, Gutenberg #61937)",1,232,,,all,3,3,3,4,
DKS_0241,241,"Krishna Brings the Celestial Chhalikya Song to the Yadavas || Krishna stages a music soiree: Narada plays the vina, Krishna dances the Hallishaka with his flute, and the Apsaras Rambha and Urvashi perform, as the celestial Chhalikya song is brought down for mankind.","Krishna stages a music soiree: Narada plays the vina, Krishna dances the Hallishaka with his flute, and the Apsaras Rambha and Urvashi perform, as the celestial Chhalikya song is brought down for mankind.",dwaraka,narakasura_and_gods,Krishna; Narada; Arjuna; Rambha; Urvashi; Pradyumna,ocean boats,music; celestial song; festival,A,"Harivamsha (Dutt, Gutenberg #61937)",1,236,,,all,2,3,2,4,
DKS_0242,242,"Krishna Destroys a Body of Nikumbha with the Discus || As Nikumbha's illusion fills earth and sky with a thousand of his forms, Krishna, perceiving the true form with celestial wisdom, cuts off its head with his discus and frees the abducted Arjuna.","As Nikumbha's illusion fills earth and sky with a thousand of his forms, Krishna, perceiving the true form with celestial wisdom, cuts off its head with his discus and frees the abducted Arjuna.",dwaraka,narakasura_and_gods,Krishna; Nikumbha; Arjuna; Pradyumna,Shatpura; sky,illusion (maya); discus; true sight,A,"Harivamsha (Dutt, Gutenberg #61937)",1,237,,,mild_violence,4,4,4,4,
DKS_0243,243,"Vajranabha Wins His Boon and Demands the Three Worlds || By austerities on Sumeru, the Asura Vajranabha wins from Brahma the unconquerable city Vajra and immunity from the gods, then challenges Indra for the sovereignty of the three worlds.","By austerities on Sumeru, the Asura Vajranabha wins from Brahma the unconquerable city Vajra and immunity from the gods, then challenges Indra for the sovereignty of the three worlds.",dwaraka,narakasura_and_gods,Vajranabha; Brahma; Indra; Kashyapa,mount Sumeru; city Vajra,boon; ambition; challenge,A,"Harivamsha (Dutt, Gutenberg #61937)",1,238,,,all,3,3,3,4,
DKS_0244,244,"The Yadavas Enter Vajra Disguised as Actors || Disguised as actors, the Yadavas enter Vajranabha's impenetrable city and perform the Ramayana and Rambhabhisara so skilfully that the Danavas shower them with jewels until their own wealth is drained.","Disguised as actors, the Yadavas enter Vajranabha's impenetrable city and perform the Ramayana and Rambhabhisara so skilfully that the Danavas shower them with jewels until their own wealth is drained.",dwaraka,narakasura_and_gods,Pradyumna; Gada; Shamba; Vajranabha; Danavas,city Vajra,disguise; performance; deception,A,"Harivamsha (Dutt, Gutenberg #61937)",1,240,,,all,3,4,3,4,
DKS_0245,245,"Kashyapa Warns Vajranabha, Who Marches on Heaven || After Kashyapa's sacrifice, Vajranabha rejects his father's warning that he cannot vanquish Indra and sets out with his kinsmen to conquer the celestial region.","After Kashyapa's sacrifice, Vajranabha rejects his father's warning that he cannot vanquish Indra and sets out with his kinsmen to conquer the celestial region.",dwaraka,narakasura_and_gods,Vajranabha; Kashyapa; Indra,Kashyapa's sacrifice; city Vajra,defiance; warning; ambition,A,"Harivamsha (Dutt, Gutenberg #61937)",1,243,,,all,3,2,3,4,
DKS_0246,246,"Krishna Returns to Dwarka and Honors Naraka's Captive Maidens || Krishna re-enters Dwarka with the Parijata and the treasure-mountain, blows the Panchajanya to the citizens' joy, and honors the maidens freed from Naraka's house with garments, riches and homes.","Krishna re-enters Dwarka with the Parijata and the treasure-mountain, blows the Panchajanya to the citizens' joy, and honors the maidens freed from Naraka's house with garments, riches and homes.",dwaraka,narakasura_and_gods,Krishna; Pradyumna; Satyabhama; Rukmini; Devaki,Dwarka,triumph; reception; compassion,A,"Harivamsha (Dutt, Gutenberg #61937)",1,246,,,all,3,3,3,4,
DKS_0247,247,"Jvara Consumes Baladeva; Krishna Saves Him || The fever-demon Jvara, with three legs, three heads and six arms, hurls a burning weapon that consumes Baladeva; Krishna embraces his brother and by his touch saves him from being burnt.","The fever-demon Jvara, with three legs, three heads and six arms, hurls a burning weapon that consumes Baladeva; Krishna embraces his brother and by his touch saves him from being burnt.",dwaraka,narakasura_and_gods,Jvara; Baladeva; Krishna,Sonitpura battlefield,fever-demon; burning weapon; brotherly rescue,A,"Harivamsha (Dutt, Gutenberg #61937)",1,270,,,mild_violence,4,4,4,4,
DKS_0248,248,"Krishna Grapples with Jvara || Krishna challenges Jvara and, bearing the demon's burning weapon and blows, grinds him with his arms in a fearful struggle.","Krishna challenges Jvara and, bearing the demon's burning weapon and blows, grinds him with his arms in a fearful struggle.",dwaraka,narakasura_and_gods,Krishna; Jvara,Sonitpura battlefield,single combat; endurance; strength,A,"Harivamsha (Dutt, Gutenberg #61937)",1,270,,,mild_violence,3,3,3,4,
DKS_0249,249,"Jvara Possesses Krishna; Krishna Expels Him || The released Jvara enters Krishna's body and enfeebles him; Krishna creates a dreadful counter-Jvara from his own energy, which seizes and drags the fever out of his body.","The released Jvara enters Krishna's body and enfeebles him; Krishna creates a dreadful counter-Jvara from his own energy, which seizes and drags the fever out of his body.",dwaraka,narakasura_and_gods,Krishna; Jvara,Sonitpura battlefield,possession; counter-creation; expulsion,A,"Harivamsha (Dutt, Gutenberg #61937)",1,271,,,mild_violence,3,4,3,4,
DKS_0250,250,"Krishna Spares Jvara and Grants Him Boons || Commanded by an invisible voice, Krishna spares Jvara and grants him boons — that he alone be the world's fever, divided into forms to afflict beasts, plants and mankind.","Commanded by an invisible voice, Krishna spares Jvara and grants him boons — that he alone be the world's fever, divided into forms to afflict beasts, plants and mankind.",dwaraka,narakasura_and_gods,Krishna; Jvara,Sonitpura battlefield,mercy; boon; dominion over fever,A,"Harivamsha (Dutt, Gutenberg #61937)",1,271,,,all,3,2,3,4,
DKS_0251,251,"Shiva and Kartikeya Enter the Battle for Vana || As Vana's army flees, Shiva, eyes red with anger, ascends his lion-drawn car surrounded by his ghostly host, and Kartikeya joins him to protect Vana.","As Vana's army flees, Shiva, eyes red with anger, ascends his lion-drawn car surrounded by his ghostly host, and Kartikeya joins him to protect Vana.",dwaraka,narakasura_and_gods,Shiva; Kartikeya; Krishna; Vana,Sonitpura battlefield,divine intervention; ghostly host; protecting Vana,A,"Harivamsha (Dutt, Gutenberg #61937)",1,272,,,mild_violence,4,4,3,4,
DKS_0252,252,"Kottavi Intervenes to Save Kartikeya || As Krishna raises his discus against Kartikeya, the naked goddess Kottavi, sent by Mahadeva, intervenes, and Krishna, unable to strike before her, puts away his discus.","As Krishna raises his discus against Kartikeya, the naked goddess Kottavi, sent by Mahadeva, intervenes, and Krishna, unable to strike before her, puts away his discus.",dwaraka,narakasura_and_gods,Krishna; Kottavi (Lamva); Kartikeya; Shiva,Sonitpura battlefield,divine intercession; mercy; goddess,A,"Harivamsha (Dutt, Gutenberg #61937)",1,274,,,all,3,3,3,4,
DKS_0253,253,"Vana Vaunts and Fights Krishna || Vana boasts of his thousand arms, but Krishna answers and, with the Sarnga bow, sunders Vana's car, horses and standard, then strips him of crown, mail, bow and shield until he swoons.","Vana boasts of his thousand arms, but Krishna answers and, with the Sarnga bow, sunders Vana's car, horses and standard, then strips him of crown, mail, bow and shield until he swoons.",dwaraka,narakasura_and_gods,Vana; Krishna; Narada,Sonitpura battlefield,boasting; battle; dismantling the enemy,A,"Harivamsha (Dutt, Gutenberg #61937)",1,275,,,mild_violence,4,4,4,4,
DKS_0254,254,"Kottavi Again Intercedes; Krishna Vows to Cut Vana's Arms || When the naked goddess Kottavi again stands between them to honour her boon of protection to Vana, Krishna vows to cut off Vana's thousand arms, leaving only two, while sparing his life.","When the naked goddess Kottavi again stands between them to honour her boon of protection to Vana, Krishna vows to cut off Vana's thousand arms, leaving only two, while sparing his life.",dwaraka,narakasura_and_gods,Krishna; Kottavi (Lamva); Vana,Sonitpura battlefield,goddess's boon; vow; mercy,A,"Harivamsha (Dutt, Gutenberg #61937)",1,275,,,mild_violence,3,3,3,4,
DKS_0255,255,"Shiva Intercedes for Vana; Vana Dances and Wins Boons || Shiva intercedes for Vana's life, Krishna withdraws his discus, and the armless Vana, bidden by Nandi, dances before Shiva and receives boons, becoming the Pramatha chief Mahakala.","Shiva intercedes for Vana's life, Krishna withdraws his discus, and the armless Vana, bidden by Nandi, dances before Shiva and receives boons, becoming the Pramatha chief Mahakala.",dwaraka,narakasura_and_gods,Shiva; Krishna; Vana; Nandi,Sonitpura battlefield,intercession; mercy; dance of devotion,A,"Harivamsha (Dutt, Gutenberg #61937)",1,275,,,all,4,4,4,4,
DKS_0256,256,"Krishna Fights Varuna for the Celestial Cows || Seeking Vana's celestial kine in Varuna's charge for Satyabhama, Krishna routs Varuna's army and battles Varuna, whose Varuna-weapon is consumed by Krishna's Vaishnava weapon.","Seeking Vana's celestial kine in Varuna's charge for Satyabhama, Krishna routs Varuna's army and battles Varuna, whose Varuna-weapon is consumed by Krishna's Vaishnava weapon.",dwaraka,narakasura_and_gods,Krishna; Varuna; Garuda; Baladeva; Pradyumna; Aniruddha,Varuna's abode,celestial cows; battle; Vaishnava weapon,A,"Harivamsha (Dutt, Gutenberg #61937)",1,276,,,mild_violence,4,4,3,4,
DKS_0257,257,"Varuna Pleads His Promise; Krishna Relents || Varuna pleads his vow to Vana never to part with the cows, and Krishna, honouring his truthfulness, releases both Varuna and the cows and returns to Dwarka amid the rejoicing citizens.","Varuna pleads his vow to Vana never to part with the cows, and Krishna, honouring his truthfulness, releases both Varuna and the cows and returns to Dwarka amid the rejoicing citizens.",dwaraka,narakasura_and_gods,Krishna; Varuna,Varuna's abode; return to Dwarka,honouring a vow; mercy; return,A,"Harivamsha (Dutt, Gutenberg #61937)",1,276,,,all,3,3,3,4,
DKS_0258,258,"Krishna Slays Narakasura and Weds the Sixteen Thousand || Uddhava recalls how Krishna slew the demon Naraka (Bhauma), who had seized the earth's princesses, and how the freed princesses chose Krishna as their husband, who married them all in one moment and begot sons in each.","Uddhava recalls how Krishna slew the demon Naraka (Bhauma), who had seized the earth's princesses, and how the freed princesses chose Krishna as their husband, who married them all in one moment and begot sons in each.",dwaraka,narakasura_and_gods,Krishna; Narakasura (Bhauma); the sixteen thousand princesses,Pragjyotisha; Dwaraka,liberation of the captives; marriage; the demon slain,A,"Srimad Bhagavata Purana (Sanskrit, GRETIL)",3,3,5-8,,all,4,3,4,5,"Recall bundling Naraka's slaying + the 16,000 marriages; cross-ref both clusters."
DKS_0259,259,"Krishna Restores Aditi's Earrings || Krishna restores the recovered earrings to Aditi, who blesses him; Satyabhama is promised unfading beauty.","Krishna restores the recovered earrings to Aditi, who blesses him; Satyabhama is promised unfading beauty.",dwaraka,narakasura_and_gods,Krishna; Aditi; Satyabhama; Indra,Swarga,restoration; blessing; gratitude,A,Vishnu Purana (Wilson 1840),5,30,,,all,2,2,2,4,Cross-ref: Parijata-uprooting cluster (bp10c_046 etc.); VP's separate earrings-restoration beat.
DKS_0260,260,"Krishna Breaches Mura's Fortifications || Indra complains of Narakasura's thefts; Krishna with Satyabhama on Garuda shatters the mountain, weapon, water, fire and Mura-pasha defenses of Pragjyotisha.","Indra complains of Narakasura's thefts; Krishna with Satyabhama on Garuda shatters the mountain, weapon, water, fire and Mura-pasha defenses of Pragjyotisha.",dwaraka,narakasura_and_gods,Krishna; Satyabhama; Narakasura; Mura; Indra,Pragjyotisha,war; divine aid; siege,A,"Srimad Bhagavata Purana (Sanskrit, GRETIL)",10,59,1-5,,mild_violence,5,5,4,5,Cross-ref: Naraka cluster; distinct fortification-breach beat (Mura's defenses).
DKS_0261,261,Krishna Slays Mura and His Seven Sons || Krishna beheads the five-headed demon Mura and slays his seven sons who attack in revenge.,Krishna beheads the five-headed demon Mura and slays his seven sons who attack in revenge.,dwaraka,narakasura_and_gods,Krishna; Mura,Pragjyotisha,battle; demon-slaying,A,"Srimad Bhagavata Purana (Sanskrit, GRETIL)",10,59,5-14,,mild_violence,5,5,4,5,Cross-ref: Naraka cluster (hv_b1_120_02 bundles Mura's slaying).
DKS_0262,262,Krishna Slays Narakasura,"Krishna beheads the demon king Narakasura (Bhauma) with his discus, freeing the three worlds of his tyranny.",dwaraka,narakasura_and_gods,Krishna; Narakasura,Pragjyotisha,battle; liberation; justice,A,"Srimad Bhagavata Purana (Sanskrit, GRETIL)",10,59,14-22,Diwali; Naraka Chaturdashi,mild_violence,5,5,5,5,"Method: discus behead (BP), cut in two with discus (Harivamsha), cut nooses then slay (VP)."
DKS_0263,263,Bhumi Returns Aditi's Earrings || The earth-goddess Bhumi restores Aditi's earrings and Varuna's umbrella and prays for the protection of Naraka's son Bhagadatta.,The earth-goddess Bhumi restores Aditi's earrings and Varuna's umbrella and prays for the protection of Naraka's son Bhagadatta.,dwaraka,narakasura_and_gods,Krishna; Bhumi; Aditi; Bhagadatta,Pragjyotisha,gratitude; prayer; protection,A,"Srimad Bhagavata Purana (Sanskrit, GRETIL)",10,59,22-31,,all,3,3,3,5,Distinct: Bhumi (earth-goddess) restores the treasures; cross-ref Krishna's earrings restoration (vp5_030_01).
DKS_0264,264,Krishna Frees the Sixteen Thousand Captive Maidens,"Krishna enters Narakasura's palace and frees the 16,100 captive princesses, who all choose him as their husband.",dwaraka,narakasura_and_gods,Krishna; Princesses,Pragjyotisha,liberation; compassion; devotion,A,"Srimad Bhagavata Purana (Sanskrit, GRETIL)",10,59,31-36,,all,4,4,4,5,Both: sixteen thousand maidens choose Krishna as husband.
DKS_0265,265,Krishna Uproots the Parijata Tree from Indra's Heaven,"Krishna returns Aditi's earrings to the gods, and at Satyabhama's wish uproots the Parijata tree from Indra's heaven, defeating the gods.",dwaraka,narakasura_and_gods,Krishna; Satyabhama; Indra; Aditi,Indra's heaven; Dvaraka,desire; triumph; divine gift,A,"Srimad Bhagavata Purana (Sanskrit, GRETIL)",10,59,37-40,,all,4,5,4,5,BP 10.59 and Harivamsha 1.121 bundle the restoration of Aditi's earrings with the uprooting; bpc1_041 is Uddhava's recall.
DKS_0266,266,Krishna Marries the Sixteen Thousand Princesses,"Krishna, expanding into as many forms, simultaneously weds the 16,100 princesses, giving each a palace and household.",dwaraka,narakasura_and_gods,Krishna; Princesses,Dvaraka,marriage; omnipresence; grace,A,"Srimad Bhagavata Purana (Sanskrit, GRETIL)",10,59,41-44,,all,4,4,4,5,"Both: Krishna multiplies into 16,100 forms so each wife believes him hers alone."
DKS_0267,267,Krishna Shields Parikshit in Uttara's Womb,"As Krishna departs Hastinapura, the terrified Uttara cries for protection from Ashvatthama's weapon; Krishna enters her womb by his yoga-maya and shields the unborn Parikshit with the Sudarshana disc, extinguishing the unerring Brahmashira.",kurukshetra,dwaraka_royal_life,Krishna; Uttara; Parikshit; Ashvatthama,Hastinapura,divine protection; miracle; birth preservation,A,"Srimad Bhagavata Purana (Sanskrit, GRETIL)",1,8,7-15,,all,4,4,3,5,
DKS_0268,268,Krishna Slays King Shrigala with the Discus,"King Shrigala of Karavira attacks Krishna, who slays him with the Sudarshana discus.",mathura,dwaraka_royal_life,Krishna; Shrigala; Sudarshana,Karavira,combat; justice,A,"Harivamsha (Dutt, Gutenberg #61937)",1,100,,,mild_violence,3,4,3,4,
DKS_0269,269,"Krishna Slays Nikumbha with the Sudarshana Discus || As the routed Asuras return to fight, Krishna follows Nikumbha into the Shatpura cave and, commanded by an invisible voice to use his discus, cuts off the demon's head with the Sudarshana.","As the routed Asuras return to fight, Krishna follows Nikumbha into the Shatpura cave and, commanded by an invisible voice to use his discus, cuts off the demon's head with the Sudarshana.",dwaraka,dwaraka_royal_life,Krishna; Nikumbha; Arjuna; Shiva,Shatpura cave,climactic battle; discus; divine command,A,"Harivamsha (Dutt, Gutenberg #61937)",1,232,,,mild_violence,4,4,4,4,
DKS_0270,270,"Nikumbha Carries Away Bhanumati || While the Yadavas are absorbed in ocean sport, the Danava Nikumbha, avenging Pradyumna's earlier abduction of Prabhavati, steals Bhānu's daughter Bhanumati from her unguarded garden.","While the Yadavas are absorbed in ocean sport, the Danava Nikumbha, avenging Pradyumna's earlier abduction of Prabhavati, steals Bhānu's daughter Bhanumati from her unguarded garden.",dwaraka,dwaraka_royal_life,Nikumbha; Bhanumati; Pradyumna; Bhānu,Dwarka; Bhānu's garden,abduction; revenge; negligence,A,"Harivamsha (Dutt, Gutenberg #61937)",1,237,,,mild_violence,4,3,3,4,
DKS_0271,271,"Krishna, Arjuna and Pradyumna Pursue the Abductor || Krishna, Arjuna and Pradyumna overtake Nikumbha on Garuda; careful not to wound the maiden, they pierce him with cane-like arrows as he flees across the earth, and Pradyumna recovers Bhanumati.","Krishna, Arjuna and Pradyumna overtake Nikumbha on Garuda; careful not to wound the maiden, they pierce him with cane-like arrows as he flees across the earth, and Pradyumna recovers Bhanumati.",dwaraka,dwaraka_royal_life,Krishna; Arjuna; Pradyumna; Nikumbha; Bhanumati,on the way; mount Gokarna; river Chela Ganga,pursuit; rescue; precision,A,"Harivamsha (Dutt, Gutenberg #61937)",1,237,,,mild_violence,3,4,3,4,
DKS_0272,272,Narada Reveals Bhanumati's Fate; She Weds Sahadeva || Narada explains that Bhanumati's abduction was the working of a Durvasa curse softened by the sages; Bhānu then gives her in marriage to Sahadeva.,Narada explains that Bhanumati's abduction was the working of a Durvasa curse softened by the sages; Bhānu then gives her in marriage to Sahadeva.,dwaraka,dwaraka_royal_life,Narada; Bhanumati; Bhānu; Sahadeva; Durvasa,Dwarka,curse; fate; marriage,A,"Harivamsha (Dutt, Gutenberg #61937)",1,237,,,all,3,2,3,4,
DKS_0273,273,"Krishna Shatters the Rock-Shower with Indra's Thunderbolt || Buried under torrents of rocks hurled by Salwa's Danavas, Krishna wields Indra's thunderbolt and destroys the entire mass of crags, then resumes the fight.","Buried under torrents of rocks hurled by Salwa's Danavas, Krishna wields Indra's thunderbolt and destroys the entire mass of crags, then resumes the fight.",dwaraka,dwaraka_royal_life,Krishna; Salwa; Daruka,Saubha (aerial city),strength; divine-weapon; perseverance,A,Mahabharata (Ganguli translation),3,22,,,mild_violence,3,4,3,4,
DKS_0274,274,Krishna Seizes His Discus and Charges Bhishma,"Unable to bear Bhishma's slaughter of the Pandava army, Krishna abandons the chariot reins, leaps down with the discus Sudarshana, and rushes impetuously toward Bhishma to slay him.",kurukshetra,dwaraka_royal_life,Krishna; Bhishma; Arjuna,Kurukshetra,wrath; protection; discus,A,Mahabharata (Ganguli translation),6,59,,,mild_violence,3,3,3,4,
DKS_0275,275,Nanda Is Swallowed by a Serpent and Freed,A great serpent swallows Nanda as he sleeps; Krishna's touch frees the cursed Vidyadhara Sudarshana.,vrindavan,dwaraka_royal_life,Nanda; Krishna; Sudarshana,Ambika forest,curse; liberation,A,"Srimad Bhagavata Purana (Sanskrit, GRETIL)",10,34,4-18,,all,4,4,4,5,
DKS_0276,276,The Weaver and Sudama (Flower-Seller) Honor Krishna,"A weaver dresses Krishna and Balarama, and the garland-maker Sudama honors them and receives a boon.",mathura,dwaraka_royal_life,Krishna; Balarama; Sudama,Mathura,devotion; boon,A,"Srimad Bhagavata Purana (Sanskrit, GRETIL)",10,41,39-51,,all,3,3,3,5,BP adds the weaver; VP has only the flower-seller.
DKS_0277,277,"Krishna Liberates King Nriga from a Lizard's Body || The Yadu princes find a giant lizard in a well; Krishna pulls it out with his left hand, and it becomes the radiant King Nriga.","The Yadu princes find a giant lizard in a well; Krishna pulls it out with his left hand, and it becomes the radiant King Nriga.",dwaraka,dwaraka_royal_life,Krishna; Nriga; Yadu princes,Dvaraka,curse; liberation; grace,A,"Srimad Bhagavata Purana (Sanskrit, GRETIL)",10,64,1-8,,all,4,5,4,5,BP-only; Nriga episode has no cross-source parallel in this chunk.
DKS_0278,278,"Nriga's Story of the Disputed Cow || Nriga, an Ikshvaku king famed for charity, tells how he unwittingly gave one brahmana's stray cow to another and was cursed to become a lizard.","Nriga, an Ikshvaku king famed for charity, tells how he unwittingly gave one brahmana's stray cow to another and was cursed to become a lizard.",dwaraka,dwaraka_royal_life,Nriga; Krishna; Brahmanas; Yama,Dvaraka,charity; curse; error,A,"Srimad Bhagavata Purana (Sanskrit, GRETIL)",10,64,9-23,,all,4,3,4,5,BP-only; follows bp10c_060.
DKS_0279,279,"Nriga Ascends and Krishna Warns Against Stealing Brahmanas' Wealth || Touched by Krishna, Nriga ascends to heaven in a celestial car, and Krishna warns the citizens that a brahmana's property is deadly poison.","Touched by Krishna, Nriga ascends to heaven in a celestial car, and Krishna warns the citizens that a brahmana's property is deadly poison.",dwaraka,dwaraka_royal_life,Krishna; Nriga,Dvaraka,liberation; justice; teaching,A,"Srimad Bhagavata Purana (Sanskrit, GRETIL)",10,64,24-43,,all,4,3,3,5,BP-only; follows bp10c_061.
DKS_0280,280,"Paundraka Falsely Claims to Be Vasudeva || Paundraka, king of Karusha, proclaims himself the true Vasudeva and sends a messenger demanding that Krishna surrender his divine insignia.","Paundraka, king of Karusha, proclaims himself the true Vasudeva and sends a messenger demanding that Krishna surrender his divine insignia.",dwaraka,dwaraka_royal_life,Paundraka; Krishna,Karusha; Dvaraka,false pride; imposture; challenge,A,"Srimad Bhagavata Purana (Sanskrit, GRETIL)",10,66,1-9,,all,4,4,4,5,Cross-ref: Paundraka-slaying cluster (bp10c_066/vp5_034_01).
DKS_0281,281,Krishna Slays Paundraka and the King of Kashi,"Krishna marches to Kashi, beheads the impostor Paundraka with his discus, and casts the head of the Kashi king into his own city.",dwaraka,dwaraka_royal_life,Krishna; Paundraka; King of Kashi,Kashi,battle; imposture; justice,A,"Srimad Bhagavata Purana (Sanskrit, GRETIL)",10,66,9-24,,mild_violence,5,5,4,5,"Both: impostor Paundraka beheaded, Kashi king's head cast/shot into his own city."
DKS_0282,282,Sudarshana Consumes the Conjured Fire and Burns Varanasi/Benares,Sudakshina conjures a fiery demon by black magic to kill Krishna; Krishna's Sudarshana discus destroys it and burns Varanasi.,dwaraka,dwaraka_royal_life,Krishna; Sudakshina; Sudarshana,Kashi; Varanasi,black magic; divine protection; destruction,A,"Srimad Bhagavata Purana (Sanskrit, GRETIL)",10,66,25-42,,mild_violence,5,5,4,5,BP: Sudakshina conjures the fiery demon; VP: the son of the slain Kashi king conjures the fiend.
DKS_0283,283,Samba Carries Off Duryodhana's Daughter,"Samba carries off Lakshmana, Duryodhana's daughter, from her svayamvara; the Kauravas fight him and take him captive.",dwaraka,dwaraka_royal_life,Samba; Lakshmana; Duryodhana; Karna,Hastinapura,abduction; valor; capture,A,"Srimad Bhagavata Purana (Sanskrit, GRETIL)",10,68,1-12,,all,4,4,4,5,Both: Samba abducts her at the svayamvara and is captured by the Kuru chiefs.
DKS_0284,284,"Narada Sees Krishna in Every Palace of Dvaraka || Narada visits Dvaraka to witness Krishna's household, and sees him simultaneously present in each of the 16,000 palaces performing different duties.","Narada visits Dvaraka to witness Krishna's household, and sees him simultaneously present in each of the 16,000 palaces performing different duties.",dwaraka,dwaraka_royal_life,Narada; Krishna; Rukmini,Dvaraka,omnipresence; wonder; devotion,A,"Srimad Bhagavata Purana (Sanskrit, GRETIL)",10,69,1-38,,all,4,5,4,5,
DKS_0285,285,"Narada Marvels at Krishna's Yoga-Maya and Departs || Narada praises Krishna's unfathomable yoga-maya, and Krishna bids him wander singing his glories throughout the worlds.","Narada praises Krishna's unfathomable yoga-maya, and Krishna bids him wander singing his glories throughout the worlds.",dwaraka,dwaraka_royal_life,Narada; Krishna,Dvaraka,wonder; divine play; praise,A,"Srimad Bhagavata Purana (Sanskrit, GRETIL)",10,69,36-44,,all,3,3,3,5,
DKS_0286,286,"Krishna's Dawn Worship in Dwaraka || Krishna rises in the brahma-muhurta, performs his ablutions, worships the Lord within, gives daily gifts of cows and wealth to brahmanas, and blesses his people.","Krishna rises in the brahma-muhurta, performs his ablutions, worships the Lord within, gives daily gifts of cows and wealth to brahmanas, and blesses his people.",dwaraka,dwaraka_royal_life,Krishna; Rukmini; Uddhava; Satyaki,Dwaraka; Sudharma hall,daily worship; charity; kingship,A,"Srimad Bhagavata Purana (Sanskrit, GRETIL)",10,70,1-19,,all,2,3,2,5,
DKS_0287,287,"Sudama's Poverty and Journey || Sudama's wife urges the destitute brahmana to seek his boyhood friend Krishna, and he sets out for Dwaraka with a humble gift of flat rice.","Sudama's wife urges the destitute brahmana to seek his boyhood friend Krishna, and he sets out for Dwaraka with a humble gift of flat rice.",dwaraka,dwaraka_royal_life,Sudama; Sudama's wife; Krishna,a village; Dwaraka,poverty; friendship; faith,A,"Srimad Bhagavata Purana (Sanskrit, GRETIL)",10,80,5-16,,all,4,3,4,5,
DKS_0288,288,"Krishna Embraces His Old Friend || Krishna rises from his couch, embraces Sudama with tears of joy, washes his feet, and anoints him, while Rukmini fans him, astonishing the palace women.","Krishna rises from his couch, embraces Sudama with tears of joy, washes his feet, and anoints him, while Rukmini fans him, astonishing the palace women.",dwaraka,dwaraka_royal_life,Krishna; Sudama; Rukmini,Dwaraka; Krishna's palace,friendship; humility; love,A,"Srimad Bhagavata Purana (Sanskrit, GRETIL)",10,80,16-26,,all,5,4,4,5,
DKS_0289,289,"Krishna Eats Sudama's Flat Rice || Krishna asks for the gift and eats Sudama's handful of flat rice with delight, and Sudama, too ashamed to ask for anything, returns home empty-handed.","Krishna asks for the gift and eats Sudama's handful of flat rice with delight, and Sudama, too ashamed to ask for anything, returns home empty-handed.",dwaraka,dwaraka_royal_life,Krishna; Sudama,Dwaraka,humility; grace; contentment,A,"Srimad Bhagavata Purana (Sanskrit, GRETIL)",10,81,2-12,,all,5,4,4,5,
DKS_0290,290,"Sudama Finds His Hut a Palace || Returning home, Sudama finds his poor dwelling transformed into a celestial palace and his wife radiant, and he reflects that this is Krishna's unasked grace.","Returning home, Sudama finds his poor dwelling transformed into a celestial palace and his wife radiant, and he reflects that this is Krishna's unasked grace.",dwaraka,dwaraka_royal_life,Sudama; Sudama's wife; Krishna,Sudama's village,grace; transformation; gratitude,A,"Srimad Bhagavata Purana (Sanskrit, GRETIL)",10,81,13-37,,all,5,5,4,5,
DKS_0291,291,Vasudeva's Sacrifice,"The sages, pleased with Vasudeva's question, initiate him and he performs a great sacrifice at Samanta-panchaka, with his sons and the Yadavas attending.",later_life,dwaraka_royal_life,Vasudeva; Krishna; Balarama; Narada; the sages,Samanta-panchaka,sacrifice; purification; piety,A,"Srimad Bhagavata Purana (Sanskrit, GRETIL)",10,84,42-55,,all,3,3,2,5,
DKS_0292,292,Devaki Asks for Her Slain Sons,"Devaki, remembering the six sons Kamsa killed, tearfully asks Krishna and Balarama to bring back her dead children.",later_life,dwaraka_royal_life,Devaki; Krishna; Balarama,Dwaraka,mother's grief; divine grace; restoration,A,"Srimad Bhagavata Purana (Sanskrit, GRETIL)",10,85,26-32,,all,4,3,3,5,
DKS_0293,293,Krishna and Balarama Visit Bali in Sutala,"Krishna and Balarama descend to Sutala, where Bali, the daitya king, receives them with great devotion, and Krishna reveals the true origin of Devaki's six sons.",later_life,dwaraka_royal_life,Krishna; Balarama; Bali; Devaki,Sutala,descent to the underworld; devotion; revelation,A,"Srimad Bhagavata Purana (Sanskrit, GRETIL)",10,85,33-51,,all,4,4,3,5,
DKS_0294,294,The Six Sons Restored to Devaki,"Krishna and Balarama bring the six sons back from Sutala; Devaki nurses them with her milk, and, released from the curse, they bow and ascend to the gods' abode.",later_life,dwaraka_royal_life,Krishna; Balarama; Devaki; the six sons,Dwaraka,restoration; mother's love; release from curse,A,"Srimad Bhagavata Purana (Sanskrit, GRETIL)",10,85,51-56,,all,4,4,3,5,
DKS_0295,295,Krishna Visits Shrutadeva and Bahulashva,"Krishna, to please both the sage Shrutadeva and King Bahulashva of Mithila, visits both their homes simultaneously, unseen by each other.",later_life,dwaraka_royal_life,Krishna; Shrutadeva; Bahulashva; the sages,Mithila,simultaneous grace; devotion; equality,A,"Srimad Bhagavata Purana (Sanskrit, GRETIL)",10,86,23-36,,all,4,4,4,5,
DKS_0296,296,"The Brahmana's Dying Sons || In Dwaraka, a brahmana's newborn sons die one after another; he lays their bodies at the palace gate and laments the king's failure to protect his subjects.","In Dwaraka, a brahmana's newborn sons die one after another; he lays their bodies at the palace gate and laments the king's failure to protect his subjects.",dwaraka,dwaraka_royal_life,the brahmana; Krishna; Arjuna,Dwaraka,grief; death; justice,A,"Srimad Bhagavata Purana (Sanskrit, GRETIL)",10,89,20-27,,all,4,3,3,5,
DKS_0297,297,"Arjuna's Failed Vow || Arjuna boasts that he will protect the brahmana's next child, but though he fences the delivery-room with arrows, the newborn vanishes, and the brahmana rebukes him.","Arjuna boasts that he will protect the brahmana's next child, but though he fences the delivery-room with arrows, the newborn vanishes, and the brahmana rebukes him.",dwaraka,dwaraka_royal_life,Arjuna; Krishna; the brahmana,Dwaraka,pride; failure; humility,A,"Srimad Bhagavata Purana (Sanskrit, GRETIL)",10,89,28-40,,all,4,4,4,5,
DKS_0298,298,Krishna and Arjuna Journey to Recover the Brahmana's Sons,"Krishna, to save the despairing Arjuna, mounts his divine chariot and carries him beyond the darkness to Vaikuntha, where they behold the Supreme Lord upon the serpent Ananta.",dwaraka,dwaraka_royal_life,Krishna; Arjuna; the Supreme Lord (Maha-Vishnu),beyond the darkness; Vaikuntha,divine journey; vision; mystery,A,"Srimad Bhagavata Purana (Sanskrit, GRETIL)",10,89,41-56,,all,5,5,4,5,BP: divine chariot beyond the darkness to Vaikuntha; Harivamsha: across the ocean and the seven cosmic mountains.
DKS_0299,299,The Brahmana's Sons Are Restored,"The Supreme Lord tells Krishna and Arjuna that he himself had taken the brahmana's sons to bring them together, and returns the children, whom they restore to the brahmana.",dwaraka,dwaraka_royal_life,Krishna; Arjuna; the Supreme Lord; the brahmana,Vaikuntha; Dwaraka,divine will; restoration; wonder,A,"Srimad Bhagavata Purana (Sanskrit, GRETIL)",10,89,57-61,,all,4,4,4,5,BP: the Supreme Lord returns the children; Harivamsha: three stolen boys and the new-born infant restored.
DKS_0300,300,Garuda Reports the Site of Dwaraka,"Garuda returns from reconnoitering Kushasthali and praises it as a fitting abode; Krishna, knowing Jarasandha unslayable, resolves to leave Mathura.",mathura,pradyumna_and_aniruddha,Krishna; Garuda; Balarama,Mathura; Kushasthali; Raivata,strategic-retreat; counsel; founding-city,A,"Harivamsha (Dutt, Gutenberg #61937)",1,112,,,all,3,3,3,4,
DKS_0301,301,The Yadavas Resolve to Abandon Mathura for Dwaraka,"Fearing Kalayavana's assault, the Vrishnis and Andhakas make Krishna their president and resolve to leave Mathura for Kushasthali (Dwarka).",dwaraka,pradyumna_and_aniruddha,Krishna; Kalayavana; Vrishnis; Andhakas,Mathura; Kushasthali Dwarka,fear; counsel; migration,A,"Harivamsha (Dutt, Gutenberg #61937)",1,113,,,all,3,3,3,4,
DKS_0302,302,"Rukmavati's Swayamvara and Marriage || Rukmi's daughter Rukmavati chooses Pradyumna at her swayamvara; later her son Aniruddha is wed to Rukmavati's namesake, the granddaughter of Rukmi.","Rukmi's daughter Rukmavati chooses Pradyumna at her swayamvara; later her son Aniruddha is wed to Rukmavati's namesake, the granddaughter of Rukmi.",dwaraka,pradyumna_and_aniruddha,Pradyumna; Rukmavati; Aniruddha; Rukmi; Krishna,Bhojakata; Dwaraka,swayamvara; marriage; alliance,A,"Harivamsha (Dutt, Gutenberg #61937)",1,118,,,all,3,3,3,4,Cross-ref: Aniruddha nuptials (bp10c_050/vp5_028_01) and Pradyumna's marriage to Rukmavati.
DKS_0303,303,"Pradyumna Duels Jayanta in the Sky || Pradyumna, son of Rukmini, battles Indra's son Jayanta; a heavenly weapon burns Pradyumna's chariot to ashes yet cannot harm him, who stands firm in the sky.","Pradyumna, son of Rukmini, battles Indra's son Jayanta; a heavenly weapon burns Pradyumna's chariot to ashes yet cannot harm him, who stands firm in the sky.",dwaraka,pradyumna_and_aniruddha,Pradyumna; Jayanta,sky over Nandana,duel; divine weapons; invulnerability,A,"Harivamsha (Dutt, Gutenberg #61937)",1,220,,,mild_violence,3,4,3,4,
DKS_0304,304,"Pradyumna Saves the Maidens by Illusion || When the Danavas scatter the sacrifice and carry off Brahmadatta's daughters, Pradyumna, sent by Krishna, rescues the maidens by illusion, leaving only counterfeit figures for the demons.","When the Danavas scatter the sacrifice and carry off Brahmadatta's daughters, Pradyumna, sent by Krishna, rescues the maidens by illusion, leaving only counterfeit figures for the demons.",dwaraka,pradyumna_and_aniruddha,Pradyumna; Krishna; Nikumbha; Brahmadatta,Shatpura,rescue; illusion (maya); protection,A,"Harivamsha (Dutt, Gutenberg #61937)",1,230,,,all,3,3,4,4,
DKS_0305,305,"Pradyumna Binds the Bribed Kings with Shiva's Nooses || Bearing nooses given by Hara and commanded by Nandi, Pradyumna binds Sisupala, Bhagadatta, Rukmi and the other kings who sided with the Asuras, and holds them in the illusory cave.","Bearing nooses given by Hara and commanded by Nandi, Pradyumna binds Sisupala, Bhagadatta, Rukmi and the other kings who sided with the Asuras, and holds them in the illusory cave.",dwaraka,pradyumna_and_aniruddha,Pradyumna; Nandi; Shiva; Sisupala; Rukmi; Bhagadatta,Shatpura; illusory cave,binding; divine command; capture,A,"Harivamsha (Dutt, Gutenberg #61937)",1,231,,,mild_violence,3,3,3,4,
DKS_0306,306,"Nikumbha Fells Arjuna and Pradyumna; Krishna Duels Him || Emerging from the Shatpura cave, Nikumbha knocks Arjuna and Pradyumna senseless with his thorned club; enraged, Krishna seizes Kaumodaki and fights him in single combat.","Emerging from the Shatpura cave, Nikumbha knocks Arjuna and Pradyumna senseless with his thorned club; enraged, Krishna seizes Kaumodaki and fights him in single combat.",dwaraka,pradyumna_and_aniruddha,Nikumbha; Arjuna; Pradyumna; Krishna; Indra,mouth of Shatpura cave,single combat; club-fight; fury,A,"Harivamsha (Dutt, Gutenberg #61937)",1,237,,,mild_violence,3,4,3,4,
DKS_0307,307,"Krishna's Stratagem: the Actor Bhadra and the Swan Emissaries || Indra consults Krishna, who promises to slay Vajranabha after Vasudeva's horse-sacrifice; an actor named Bhadra wins a boon of entering the impenetrable city, and Indra sends swans to win Prabhavati for Pradyumna.","Indra consults Krishna, who promises to slay Vajranabha after Vasudeva's horse-sacrifice; an actor named Bhadra wins a boon of entering the impenetrable city, and Indra sends swans to win Prabhavati for Pradyumna.",dwaraka,pradyumna_and_aniruddha,Krishna; Indra; Bhadra (actor); Pradyumna; Prabhavati; swans,Dwarka; city Vajra,stratagem; emissary; boon,A,"Harivamsha (Dutt, Gutenberg #61937)",1,238,,,all,2,2,2,4,
DKS_0308,308,"Pradyumna in Bee Form Meets Prabhavati || Pradyumna, aided by Prabhavati's goose friend Suchimukhi, assumes the form of a bee hidden in a flower-garland, alights on Prabhavati's ear, and the long-pining lovers meet by night.","Pradyumna, aided by Prabhavati's goose friend Suchimukhi, assumes the form of a bee hidden in a flower-garland, alights on Prabhavati's ear, and the long-pining lovers meet by night.",dwaraka,pradyumna_and_aniruddha,Pradyumna; Prabhavati; Suchimukhi (goose),city Vajra; Prabhavati's chamber,romance; longing; disguise,A,"Harivamsha (Dutt, Gutenberg #61937)",1,240,,,all,3,3,3,4,
DKS_0309,309,"The Danava Princesses Arm Their Yadava Husbands || When Vajranabha orders the arrest of the young Yadava sons, Prabhavati hands Pradyumna a sword and blesses him with victory, while Chandravati and Gunavati arm Gada and Shamba.","When Vajranabha orders the arrest of the young Yadava sons, Prabhavati hands Pradyumna a sword and blesses him with victory, while Chandravati and Gunavati arm Gada and Shamba.",dwaraka,pradyumna_and_aniruddha,Prabhavati; Pradyumna; Chandravati; Gada; Gunavati; Shamba,city Vajra,wife's devotion; arming; blessing,A,"Harivamsha (Dutt, Gutenberg #61937)",1,243,,,all,3,3,3,4,
DKS_0310,310,"Pradyumna Fights with Ananta as Charioteer || Pradyumna creates a celestial car with the thousand-headed serpent Ananta as charioteer and devastates the Asura host, while Indra sends his own car, Airavata and Jayanta to aid the Yadavas.","Pradyumna creates a celestial car with the thousand-headed serpent Ananta as charioteer and devastates the Asura host, while Indra sends his own car, Airavata and Jayanta to aid the Yadavas.",dwaraka,pradyumna_and_aniruddha,Pradyumna; Ananta; Indra; Gada; Shamba; Jayanta; Pravara,city Vajra; sky,divine chariot; battle; celestial aid,A,"Harivamsha (Dutt, Gutenberg #61937)",1,243,,,mild_violence,4,4,3,4,
DKS_0311,311,"Pradyumna Duels Vajranabha || Riding Garuda, Pradyumna wounds Vajranabha, who in turn fells him with a club; the sound of Krishna's Panchajanya conch revives the fallen hero.","Riding Garuda, Pradyumna wounds Vajranabha, who in turn fells him with a club; the sound of Krishna's Panchajanya conch revives the fallen hero.",dwaraka,pradyumna_and_aniruddha,Pradyumna; Vajranabha; Krishna,sky over city Vajra,single combat; club; revival,A,"Harivamsha (Dutt, Gutenberg #61937)",1,244,,,mild_violence,4,4,3,4,
DKS_0312,312,"Pradyumna Slays Vajranabha with Krishna's Discus || Krishna's discus comes into Pradyumna's hand, and with it he severs Vajranabha's head, while Gada slays Sunabha and Shamba destroys the remaining Asuras.","Krishna's discus comes into Pradyumna's hand, and with it he severs Vajranabha's head, while Gada slays Sunabha and Shamba destroys the remaining Asuras.",dwaraka,pradyumna_and_aniruddha,Pradyumna; Vajranabha; Krishna; Gada; Shamba; Sunabha,city Vajra,discus; climactic slaying; victory,A,"Harivamsha (Dutt, Gutenberg #61937)",1,244,,,mild_violence,4,4,4,4,
DKS_0313,313,"Indra and Krishna Install the Four Young Kings || Indra and Krishna divide Vajranabha's conquered kingdom into four parts and anoint the four young princes — Vijaya and the sons of Pradyumna, Shamba and Gada — as kings of the Vajra realm.","Indra and Krishna divide Vajranabha's conquered kingdom into four parts and anoint the four young princes — Vijaya and the sons of Pradyumna, Shamba and Gada — as kings of the Vajra realm.",dwaraka,pradyumna_and_aniruddha,Indra; Krishna; Vijaya; Chandraprabha,city Vajra; mount Sumeru side,division; anointing; succession,A,"Harivamsha (Dutt, Gutenberg #61937)",1,244,,,all,3,3,3,4,
DKS_0314,314,"The Yogamaya Appears Before Krishna and Rama || The illusory daughter of Yashoda — the goddess born the same moment as Krishna — appears before Krishna and Rama, who embrace her and seat her between them as the Vrishni women worship her.","The illusory daughter of Yashoda — the goddess born the same moment as Krishna — appears before Krishna and Rama, who embrace her and seat her between them as the Vrishni women worship her.",dwaraka,pradyumna_and_aniruddha,Krishna; Baladeva; Yogamaya; Vrishni women,Dwarka; assembly hall,goddess; reunion; worship,A,"Harivamsha (Dutt, Gutenberg #61937)",1,248,,,all,3,3,3,4,
DKS_0315,315,"Mayavati Reveals the Truth to Pradyumna || When the grown Pradyumna recoils at Mayavati's advances, she reveals he is not her son but the child of Rukmini and Vasudeva, stolen by Shamvara, and that she is his former wife.","When the grown Pradyumna recoils at Mayavati's advances, she reveals he is not her son but the child of Rukmini and Vasudeva, stolen by Shamvara, and that she is his former wife.",dwaraka,pradyumna_and_aniruddha,Mayavati; Pradyumna,Shamvara's city,revealed identity; former wife; longing,A,"Harivamsha (Dutt, Gutenberg #61937)",1,251,,,all,3,2,3,4,
DKS_0316,316,"Pradyumna Fells Shamvara's Standard to Provoke Him || To draw out the Danava who stole him, Pradyumna strikes down Shamvara's lion-emblazoned standard, and the enraged Shamvara sends his hundred sons to kill him.","To draw out the Danava who stole him, Pradyumna strikes down Shamvara's lion-emblazoned standard, and the enraged Shamvara sends his hundred sons to kill him.",dwaraka,pradyumna_and_aniruddha,Pradyumna; Shamvara,Shamvara's gate,challenge; provocation; honour,A,"Harivamsha (Dutt, Gutenberg #61937)",1,251,,,all,3,3,3,4,
DKS_0317,317,"Pradyumna Slays the Hundred Sons of Shamvara || In a single battle, Pradyumna cuts down all hundred of Shamvara's sons who come against him, and stands victorious awaiting the father.","In a single battle, Pradyumna cuts down all hundred of Shamvara's sons who come against him, and stands victorious awaiting the father.",dwaraka,pradyumna_and_aniruddha,Pradyumna; Shamvara's sons,battlefield,battle; youthful prowess; slaying,A,"Harivamsha (Dutt, Gutenberg #61937)",1,252,,,mild_violence,4,4,4,4,
DKS_0318,318,"Pradyumna Slays Shamvara's Four Ministers || Pradyumna slays the four Danava ministers — Durdhara, Ketumali, Shatruhanta and Pramardana — one by one, and their army flees in terror.","Pradyumna slays the four Danava ministers — Durdhara, Ketumali, Shatruhanta and Pramardana — one by one, and their army flees in terror.",dwaraka,pradyumna_and_aniruddha,Pradyumna; Durdhara; Ketumali; Shatruhanta; Pramardana,battlefield,single combat; rout; strength,A,"Harivamsha (Dutt, Gutenberg #61937)",1,252,,,mild_violence,3,4,3,4,
DKS_0319,319,"Shamvara's Illusions and Pradyumna's Counters || Shamvara hurls illusory trees, stones, lions and a serpent-maya at Pradyumna, who counters each with fiery weapons and a Garuda illusion, to the applause of the gods.","Shamvara hurls illusory trees, stones, lions and a serpent-maya at Pradyumna, who counters each with fiery weapons and a Garuda illusion, to the applause of the gods.",dwaraka,pradyumna_and_aniruddha,Shamvara; Pradyumna,battlefield,illusion (maya); counter-illusion; divine craft,A,"Harivamsha (Dutt, Gutenberg #61937)",1,253,,,mild_violence,4,4,3,4,
DKS_0320,320,"Narada Reveals Pradyumna's True Identity and Arms Him || Sent by Indra, Narada reminds Pradyumna of his former birth as Kama, gives him the Vaishnava weapons and a coat of mail, and bids him slay Shamvara and reclaim his wife Mayavati.","Sent by Indra, Narada reminds Pradyumna of his former birth as Kama, gives him the Vaishnava weapons and a coat of mail, and bids him slay Shamvara and reclaim his wife Mayavati.",dwaraka,pradyumna_and_aniruddha,Narada; Pradyumna; Indra,sky over battlefield,true identity; divine weapon; destiny,A,"Harivamsha (Dutt, Gutenberg #61937)",1,253,,,all,3,2,3,4,
DKS_0321,321,"Narada's Riddle: Who Is Truly Great || When Narada cryptically hails Krishna as 'wonder and blessed' and Krishna answers 'presents', the puzzled kings ask the meaning; Narada recounts a journey from tortoise to Ganga, ocean, earth, mountains, Brahma, the Vedas and the Yajnas, each deferring to the next, until the riddle resolves in Vishnu with dakshina.","When Narada cryptically hails Krishna as 'wonder and blessed' and Krishna answers 'presents', the puzzled kings ask the meaning; Narada recounts a journey from tortoise to Ganga, ocean, earth, mountains, Brahma, the Vedas and the Yajnas, each deferring to the next, until the riddle resolves in Vishnu with dakshina.",dwaraka,pradyumna_and_aniruddha,Narada; Krishna; kings,Dwarka,wisdom; riddle; humility of beings,A,"Harivamsha (Dutt, Gutenberg #61937)",1,257,,,all,2,2,2,4,
DKS_0322,322,"Garuda Quenches Bana's Protective Fire || As Bana's city-fire blazes out and robs the Yadavas of their lustre, Garuda assumes a thousand mouths, drinks the etherial Ganga and showers it down to extinguish the flames.","As Bana's city-fire blazes out and robs the Yadavas of their lustre, Garuda assumes a thousand mouths, drinks the etherial Ganga and showers it down to extinguish the flames.",dwaraka,pradyumna_and_aniruddha,Garuda; Krishna; Baladeva,approach to Sonitpura,fire; elemental power; Garuda's might,A,"Harivamsha (Dutt, Gutenberg #61937)",1,264,,,mild_violence,3,4,3,4,
DKS_0323,323,"Krishna Strikes Down Angira and the Fire-Gods || Bana's fire-gods, led by the chief Angira, attack Krishna on the way, and Krishna, cutting off Angira's mace, fells him with an arrow, putting the rest to flight.","Bana's fire-gods, led by the chief Angira, attack Krishna on the way, and Krishna, cutting off Angira's mace, fells him with an arrow, putting the rest to flight.",dwaraka,pradyumna_and_aniruddha,Krishna; Angira; fire-gods,near Sonitpura,battle; divine fire; victory,A,"Harivamsha (Dutt, Gutenberg #61937)",1,264,,,mild_violence,3,3,3,4,
DKS_0324,324,"Chitralekha Comes to Dwarka as Usha's Emissary || Usha's friend Chitralekha travels to Dwarka to bring Aniruddha back for her mistress, and secures Narada's blessing and the Tamasika power of illusion to carry out the abduction.","Usha's friend Chitralekha travels to Dwarka to bring Aniruddha back for her mistress, and secures Narada's blessing and the Tamasika power of illusion to carry out the abduction.",dwaraka,pradyumna_and_aniruddha,Chitralekha; Narada; Usha; Aniruddha,Dwarka,emissary; friendship; illusion (maya),A,"Harivamsha (Dutt, Gutenberg #61937)",1,266,,,all,3,2,3,4,
DKS_0325,325,"Aniruddha Routs Vana's Soldiers || When Vana discovers Usha living with Aniruddha and sends his soldiers to kill him, Aniruddha seizes a Parigha and single-handedly drives the Danava host from the field.","When Vana discovers Usha living with Aniruddha and sends his soldiers to kill him, Aniruddha seizes a Parigha and single-handedly drives the Danava host from the field.",dwaraka,pradyumna_and_aniruddha,Aniruddha; Vana; Narada; Usha,Sonitpura,battle; single combat; courage,A,"Harivamsha (Dutt, Gutenberg #61937)",1,266,,,mild_violence,4,4,4,4,
DKS_0326,326,"The Goddess Durga Releases Aniruddha from His Bonds || Imprisoned in Vana's city, Aniruddha hymns the goddess Katyayani, and Durga appears, cuts the serpent-nooses with her fingers, and consoles him, promising Krishna will sever Vana's thousand arms.","Imprisoned in Vana's city, Aniruddha hymns the goddess Katyayani, and Durga appears, cuts the serpent-nooses with her fingers, and consoles him, promising Krishna will sever Vana's thousand arms.",dwaraka,pradyumna_and_aniruddha,Aniruddha; Durga (Katyayani),Sonitpura,devotion; goddess; release,A,"Harivamsha (Dutt, Gutenberg #61937)",1,267,,,all,3,3,3,4,
DKS_0327,327,"Krishna, Balarama and Pradyumna Fly to Sonitpura on Garuda","To rescue Aniruddha from Bana, Krishna, Baladeva and Pradyumna fly out on Garuda, Krishna assuming eight arms and innumerable heads with his weapons.",dwaraka,pradyumna_and_aniruddha,Krishna; Baladeva; Pradyumna; Garuda,toward Sonitpura,divine form; march to war; rescue,A,"Harivamsha (Dutt, Gutenberg #61937)",1,264,,,mild_violence,4,4,3,4,
DKS_0328,328,"The Yadavas' Grief and Search for Aniruddha || Aniruddha's wives lament and the whole Yadava assembly falls into grief; Krishna broods over the disappearance, and messengers are sent out to search mountains, forests and every country in vain.","Aniruddha's wives lament and the whole Yadava assembly falls into grief; Krishna broods over the disappearance, and messengers are sent out to search mountains, forests and every country in vain.",dwaraka,pradyumna_and_aniruddha,Krishna; Aniruddha's wives; Ahuka; Viprithu; Anadhrishti,Dwarka,grief; search; family anxiety,A,"Harivamsha (Dutt, Gutenberg #61937)",1,268,,,all,3,2,3,4,
DKS_0329,329,"Narada Reveals Aniruddha's Captivity by Vana || Narada arrives at the anxious court and tells Krishna that Vana's daughter Usha, with Chitralekha, took Aniruddha, that Vana bound him with serpent-shafts, and that he lives imprisoned awaiting rescue.","Narada arrives at the anxious court and tells Krishna that Vana's daughter Usha, with Chitralekha, took Aniruddha, that Vana bound him with serpent-shafts, and that he lives imprisoned awaiting rescue.",dwaraka,pradyumna_and_aniruddha,Narada; Krishna; Vana; Aniruddha; Usha,Dwarka,revelation; news; relief,A,"Harivamsha (Dutt, Gutenberg #61937)",1,268,,,all,3,2,3,4,
DKS_0330,330,"Kartikeya Duels the Yadavas; Krishna Counters Brahmashira || Kartikeya rides out and strikes Krishna, Baladeva and Pradyumna; when he discharges the world-destroying Brahmashira weapon, Krishna's discus blots out its lustre, and he strikes down Kartikeya's burning Sakti.","Kartikeya rides out and strikes Krishna, Baladeva and Pradyumna; when he discharges the world-destroying Brahmashira weapon, Krishna's discus blots out its lustre, and he strikes down Kartikeya's burning Sakti.",dwaraka,pradyumna_and_aniruddha,Kartikeya; Krishna; Baladeva; Pradyumna,Sonitpura battlefield,duel; divine weapon; counter-weapon,A,"Harivamsha (Dutt, Gutenberg #61937)",1,274,,,mild_violence,4,4,3,4,
DKS_0331,331,"Krishna Celebrates Aniruddha's Wedding and Grants the Kingdom to Kumbhanda || Krishna celebrates Aniruddha and Usha's wedding, and confers Vana's kingdom on the minister Kumbhanda, who had counselled mercy toward Aniruddha.","Krishna celebrates Aniruddha and Usha's wedding, and confers Vana's kingdom on the minister Kumbhanda, who had counselled mercy toward Aniruddha.",dwaraka,pradyumna_and_aniruddha,Krishna; Aniruddha; Usha; Kumbhanda; Narada,Sonitpura,wedding; reward; succession,A,"Harivamsha (Dutt, Gutenberg #61937)",1,276,,,all,3,3,3,4,
DKS_0332,332,"Usha Is Welcomed into the Yadu Family || Back in Dwarka, Ahuka bids a festival; Usha is conducted to Aniruddha's house amid benedictions, and Devaki, Revati and Rukmini welcome her with tears of joy, closing the Vana episode.","Back in Dwarka, Ahuka bids a festival; Usha is conducted to Aniruddha's house amid benedictions, and Devaki, Revati and Rukmini welcome her with tears of joy, closing the Vana episode.",dwaraka,pradyumna_and_aniruddha,Ahuka; Usha; Aniruddha; Devaki; Rukmini; Revati,Dwarka,reception; family; homecoming,A,"Harivamsha (Dutt, Gutenberg #61937)",1,277,,,all,3,2,3,4,
DKS_0333,333,Vishnu Commands Yogamaya to Transfer Balarama and Arrange the Exchange,"Vishnu directs Yogamaya to draw the unborn Balarama from Devaki's womb into Rohini's, and to be born herself as Nanda's daughter.",birth,pradyumna_and_aniruddha,Vishnu; Yogamaya; Rohini; Devaki,Gokula; Mathura,divine_plan; concealment,A,"Srimad Bhagavata Purana (Sanskrit, GRETIL)",10,2,4-15,,all,4,3,3,5,
DKS_0334,334,Kamsa Dashes the Infant and Yogamaya Warns Him,"When Kamsa dashes the girl against a stone she rises as the eight-armed goddess Yogamaya, warns him that his slayer is already born, and Kamsa, shaken, repents and frees Devaki and Vasudeva.",birth,pradyumna_and_aniruddha,Yogamaya; Kamsa; Devaki; Vasudeva,Mathura,divine_justice; warning; repentance,A,"Srimad Bhagavata Purana (Sanskrit, GRETIL)",10,4,7-27,,mild_violence,5,5,4,5,
DKS_0335,335,Shambara Steals the Infant Pradyumna,"Pradyumna, Kama reborn as Krishna's son, is abducted as a newborn by the asura Shambara and thrown into the sea.",dwaraka,pradyumna_and_aniruddha,Pradyumna; Krishna; Rukmini; Shambara,Dvaraka,destiny; danger; rebirth,A,"Srimad Bhagavata Purana (Sanskrit, GRETIL)",10,55,1-2,,all,4,4,4,5,"Age at abduction varies: six days (VP), seventh night (Harivamsha); BP just 'newborn'. All cast him into the sea."
DKS_0336,336,"Mayavati (Rati) Rescues and Raises Pradyumna || A fish swallows the infant; a cook finds him, and Mayavati, who is Rati, recognizes Kama reborn and raises him as her own.","A fish swallows the infant; a cook finds him, and Mayavati, who is Rati, recognizes Kama reborn and raises him as her own.",dwaraka,pradyumna_and_aniruddha,Pradyumna; Mayavati; Rati,Shambara's palace,providence; identity; love,A,"Srimad Bhagavata Purana (Sanskrit, GRETIL)",10,55,3-14,,all,4,4,4,5,Cross-ref: Shambara-stole cluster (bp10c_024); Harivamsha expands (hv_b2_042-047).
DKS_0337,337,Pradyumna Slays Shambara,"Armed with the great science of countering illusion, Pradyumna challenges and beheads the demon Shambara.",dwaraka,pradyumna_and_aniruddha,Pradyumna; Shambara; Mayavati,Shambara's palace,battle; illusion; vengeance,A,"Srimad Bhagavata Purana (Sanskrit, GRETIL)",10,55,15-23,,all,4,5,5,5,BP: 'great science of countering illusion'; VP: slays the enchanter with his own eighth illusion.
DKS_0338,338,Pradyumna Returns to Dvaraka and Is Recognized,"Pradyumna returns to Dvaraka with Mayavati; Rukmini recognizes her long-lost son, and the city rejoices.",dwaraka,pradyumna_and_aniruddha,Pradyumna; Rukmini; Mayavati; Devaki,Dvaraka,reunion; joy; recognition,A,"Srimad Bhagavata Purana (Sanskrit, GRETIL)",10,55,24-39,,all,4,3,4,5,Harivamsha has Rukmini recognize him by a dream and Vrishni marks; BP has her recognize her long-lost son.
DKS_0339,339,Aniruddha Is Betrothed to Rukmi's Granddaughter,"Setting aside his grudge for his sister Rukmini's sake, Rukmi weds his granddaughter Rocana to Aniruddha in Bhojakata.",dwaraka,pradyumna_and_aniruddha,Rukmi; Aniruddha; Rocana; Rukmini,Bhojakata,family; marriage; reconciliation,A,"Srimad Bhagavata Purana (Sanskrit, GRETIL)",10,61,19-26,,all,3,3,3,5,"Both: Aniruddha wed to Rukmi's granddaughter, celebrated at Bhojakata."
DKS_0340,340,"Bana's Thousand Arms and Shiva's Boon || The thousand-armed asura Bana, son of Bali and devotee of Shiva, wins the boon of a worthy rival in battle.","The thousand-armed asura Bana, son of Bali and devotee of Shiva, wins the boon of a worthy rival in battle.",dwaraka,pradyumna_and_aniruddha,Bana; Shiva,Shonitapura,pride; boon; destiny,A,"Srimad Bhagavata Purana (Sanskrit, GRETIL)",10,62,1-10,,all,3,4,3,5,BP-only background beat for the Bana episode.
DKS_0341,341,Usha Dreams of Aniruddha,"Bana's daughter Usha dreams of a beloved youth, and her friend Chitralekha paints the princes to identify him as Aniruddha.",dwaraka,pradyumna_and_aniruddha,Usha; Chitralekha; Aniruddha,Shonitapura,dream; love; recognition,A,"Srimad Bhagavata Purana (Sanskrit, GRETIL)",10,62,11-21,,all,4,5,4,5,Both: Usha dreams of the youth and Chitralekha paints the princes until she recognizes Aniruddha.
DKS_0342,342,Aniruddha Is Brought to Usha and They Unite,"Chitralekha, by her mystic power, carries the sleeping Aniruddha to Shonitapura, where he lives secretly with Usha.",dwaraka,pradyumna_and_aniruddha,Chitralekha; Aniruddha; Usha,Shonitapura; Dvaraka,magic; secret love; abduction,A,"Srimad Bhagavata Purana (Sanskrit, GRETIL)",10,62,21-25,,all,4,4,4,5,BP: Chitralekha carries the sleeping Aniruddha to Shonitapura; Harivamsha: they are united in secret Gandharva marriage.
DKS_0343,343,Bana Captures and Binds Aniruddha,Bana's guards discover the secret union; Bana finds Aniruddha with Usha and binds him with serpent-nooses.,dwaraka,pradyumna_and_aniruddha,Bana; Aniruddha; Usha,Shonitapura,discovery; capture; wrath,A,"Srimad Bhagavata Purana (Sanskrit, GRETIL)",10,62,26-34,,all,4,4,4,5,BP and VP: bound with serpent-nooses; Harivamsha: fettered with serpentine shafts via Tamasika illusion.
DKS_0344,344,Krishna and Shiva Duel with Divine Weapons,"The Vrishnis besiege Shonitapura; Shiva and Skanda fight for Bana, and Krishna repels Shiva's celestial weapons.",dwaraka,pradyumna_and_aniruddha,Krishna; Balarama; Shiva; Skanda; Bana,Shonitapura,war; divine combat; loyalty,A,"Srimad Bhagavata Purana (Sanskrit, GRETIL)",10,63,1-12,,mild_violence,5,5,4,5,BP: Krishna repels Shiva's celestial weapons; Harivamsha: exchange of Indra/Shiva/Varuna/Vaishnava weapons.
DKS_0345,345,Krishna Stupefies Shiva and Puts Skanda to Flight,"Krishna throws the Jrimbhana astra, stupefying Shiva, and Pradyumna routs Skanda, while Bana's mother shields her son.",dwaraka,pradyumna_and_aniruddha,Krishna; Shiva; Pradyumna; Skanda; Kotara,Shonitapura,divine power; battle; mother's love,A,"Srimad Bhagavata Purana (Sanskrit, GRETIL)",10,63,13-20,,mild_violence,4,5,4,5,BP: Jrimbhana astra; VP: weapon of yawning. VP bundles the three-headed Fever's defeat here.
DKS_0346,346,Krishna Severs Bana's Thousand Arms and Spares Him,"Krishna severs Bana's thousand arms with his discus; Shiva intercedes, and Krishna spares Bana with four arms remaining.",dwaraka,pradyumna_and_aniruddha,Krishna; Bana; Shiva; Prahrada,Shonitapura,mercy; devotion; honor,A,"Srimad Bhagavata Purana (Sanskrit, GRETIL)",10,63,20-48,,mild_violence,5,5,4,5,Arms remaining varies: four (BP) vs two (Harivamsha/VP). Shiva intercedes in all.
DKS_0347,347,Aniruddha and Usha Are Freed,"Bana surrenders, gives Aniruddha and Usha to Krishna, and the Vrishnis return in triumph to Dvaraka.",dwaraka,pradyumna_and_aniruddha,Krishna; Bana; Aniruddha; Usha,Shonitapura; Dvaraka,release; union; triumph,A,"Srimad Bhagavata Purana (Sanskrit, GRETIL)",10,63,49-52,,all,4,4,3,5,BP: Bana surrenders and hands them over; Harivamsha: the serpent-bonds fall away at the sight of Garuda.
DKS_0348,348,"Pradyumna's Valor and Wounding || Pradyumna destroys Shalva's illusions and slays many foes, but is struck senseless by Dyuman's mace; recovering, he rebukes his charioteer for drawing him from the field.","Pradyumna destroys Shalva's illusions and slays many foes, but is struck senseless by Dyuman's mace; recovering, he rebukes his charioteer for drawing him from the field.",dwaraka,pradyumna_and_aniruddha,Pradyumna; Dyuman; Shalva,Dwaraka (battlefield),valor; honor; combat,A,"Srimad Bhagavata Purana (Sanskrit, GRETIL)",10,76,17-32,,mild_violence,4,4,3,5,
DKS_0349,349,Krishna's Sons and the Yadu Lineage,"The text enumerates Krishna's sixteen thousand wives and his many sons — Pradyumna, Aniruddha and others — and traces the line through Vajra, the sole Yadu survivor of the coming internecine war.",later_life,pradyumna_and_aniruddha,Krishna; Pradyumna; Aniruddha; Vajra; Rukmini,Dwaraka,lineage; progeny; continuity,A,"Srimad Bhagavata Purana (Sanskrit, GRETIL)",10,90,28-45,,all,2,2,2,5,
DKS_0350,350,Balarama Marries Revati,"Some days after the founding of Dwaraka, Baladeva weds Revati, the daughter of king Revata, with Rishabha's consent.",dwaraka,balarama_stories,Balarama; Revati; Krishna,Dwaraka,marriage,A,"Harivamsha (Dutt, Gutenberg #61937)",1,115,,,all,2,2,2,4,"Harivamsha: weds Revati, daughter of king Revata; VP: after sporting two months in Vraja, marries Revati daughter of Raivata."
DKS_0351,351,"Krishna Defeats the Besieging Kings and Demons || Uddhava recalls how Krishna destroyed the hosts of Kala, Magadha (Jarasandha) and Shalva that besieged Dwaraka, and slew Shambara, Dvivida, Bana, Mura, Balvala, Dantavakra and others.","Uddhava recalls how Krishna destroyed the hosts of Kala, Magadha (Jarasandha) and Shalva that besieged Dwaraka, and slew Shambara, Dvivida, Bana, Mura, Balvala, Dantavakra and others.",dwaraka,balarama_stories,Krishna; Jarasandha; Shalva; Bana; Mura; Dantavakra,Dwaraka; the surrounding battlefields,defence of the city; demon-slaying; valour,A,"Srimad Bhagavata Purana (Sanskrit, GRETIL)",3,3,9-10,,all,3,3,3,5,"Recall bundling many battles (Kala, Magadha, Shalva, Shambara, Dvivida, Bana, Mura, Balvala, Dantavakra)."
DKS_0352,352,Balarama Revisits Vraja,"Balarama returns to Nanda's Gokula, consoles the pining gopis with Krishna's message, and stays two months in their company.",dwaraka,balarama_stories,Balarama; Gopis; Nanda; Yashoda,Gokula,reunion; separation; comfort,A,"Srimad Bhagavata Purana (Sanskrit, GRETIL)",10,65,1-17,,all,3,3,3,5,
DKS_0353,353,Balarama Drags the Yamuna,"Intoxicated by Varuni, Balarama summons the Yamuna to sport; when she refuses, he drags her with his plough until she begs forgiveness.",dwaraka,balarama_stories,Balarama; Yamuna,Yamuna river,power; intoxication; wrath,A,"Srimad Bhagavata Purana (Sanskrit, GRETIL)",10,65,18-33,,all,4,5,5,5,
DKS_0354,354,"The Gorilla Dvivida Ravages the Land || The gorilla Dvivida, Narakasura's friend, wreaks havoc on the countryside in revenge, burning villages, drowning lands and defiling sages' hermitages.","The gorilla Dvivida, Narakasura's friend, wreaks havoc on the countryside in revenge, burning villages, drowning lands and defiling sages' hermitages.",dwaraka,balarama_stories,Dvivida; Balarama,Anarta,revenge; destruction; chaos,A,"Srimad Bhagavata Purana (Sanskrit, GRETIL)",10,67,1-8,,all,3,4,3,5,Cross-ref: Dvivida-slaying cluster (bp10c_069/vp5_036_01).
DKS_0355,355,Balarama Slays the Ape Dvivida,"The ape Dvivida insults Balarama and his women; Balarama fells him with his mace, freeing the land of the menace.",dwaraka,balarama_stories,Balarama; Dvivida,Raivataka hill,combat; monster-slaying; justice,A,"Srimad Bhagavata Purana (Sanskrit, GRETIL)",10,67,9-27,,mild_violence,4,5,4,5,BP: Balarama fells him with his mace; VP: a single blow of the fist.
DKS_0356,356,"Balarama Seeks Samba's Release and Is Insulted || Balarama goes to Hastinapura as peacemaker, but the Kauravas, drunk on pride, mock the Yadavas and refuse to release Samba.","Balarama goes to Hastinapura as peacemaker, but the Kauravas, drunk on pride, mock the Yadavas and refuse to release Samba.",dwaraka,balarama_stories,Balarama; Duryodhana; Uddhava; Dhritarashtra,Hastinapura,diplomacy; insult; pride,A,"Srimad Bhagavata Purana (Sanskrit, GRETIL)",10,68,13-38,,all,4,3,4,5,Cross-ref: Balarama-drags-Hastinapura cluster (bp10c_072).
DKS_0357,357,Balarama Drags Hastinapura with His Plough,"Enraged, Balarama seizes his plough and drags the city of Hastinapura toward the Ganga; the terrified Kauravas surrender Samba and Lakshmana.",dwaraka,balarama_stories,Balarama; Duryodhana; Samba; Lakshmana,Hastinapura; Ganga,wrath; power; surrender,A,"Srimad Bhagavata Purana (Sanskrit, GRETIL)",10,68,39-53,,all,5,5,5,5,All: Balarama hooks his plough under the city and threatens to fling it into the Ganga; the Kauravas yield Samba and the bride.
DKS_0358,358,"Balarama Slays the Suta Romaharshana || At Naimisha, Balarama, seeing the suta Romaharshana seated without rising to honor the sages, kills him with a blade of kusha grass; the sages cry out that he has committed brahma-hatya.","At Naimisha, Balarama, seeing the suta Romaharshana seated without rising to honor the sages, kills him with a blade of kusha grass; the sages cry out that he has committed brahma-hatya.",dwaraka,balarama_stories,Balarama; Romaharshana; the Naimisha sages,Naimisha forest,transgression; consequence; caste honor,A,"Srimad Bhagavata Purana (Sanskrit, GRETIL)",10,78,15-31,,mild_violence,4,3,4,5,
DKS_0359,359,"The Sages Prescribe Balarama's Penance || The sages instruct Balarama that to expiate the brahmana-slaying he must slay the demon Balvala, who defiles their sacrifice, and then perform a year-long pilgrimage.","The sages instruct Balarama that to expiate the brahmana-slaying he must slay the demon Balvala, who defiles their sacrifice, and then perform a year-long pilgrimage.",dwaraka,balarama_stories,Balarama; the Naimisha sages; Balvala,Naimisha forest,penance; atonement; instruction,A,"Srimad Bhagavata Purana (Sanskrit, GRETIL)",10,78,32-39,,all,3,3,3,5,
DKS_0360,360,"Balarama Slays the Demon Balvala || When Balvala appears at the sacrifice raining impurity, Balarama drags him down with his plough and crushes his head with his mace, and the sages shower Balarama with honors.","When Balvala appears at the sacrifice raining impurity, Balarama drags him down with his plough and crushes his head with his mace, and the sages shower Balarama with honors.",dwaraka,balarama_stories,Balarama; Balvala; the Naimisha sages,Naimisha forest,protection; demon-slaying; gratitude,A,"Srimad Bhagavata Purana (Sanskrit, GRETIL)",10,79,1-8,,mild_violence,3,4,3,5,
DKS_0361,361,Indra Asks Krishna to Befriend Arjuna,"Indra asks Krishna to protect his son Arjuna, Krishna's cousin, in the coming war of the Bharatas.",vrindavan,pandava_friendship,Indra; Krishna; Arjuna,Govardhana hill,friendship; prophecy,A,"Harivamsha (Dutt, Gutenberg #61937)",1,74,,,all,3,2,3,4,
DKS_0362,362,Krishna Rejoices as Arjuna Wins Draupadi,"Seeing Arjuna string the stiff bow and shoot the mark, Krishna is filled with joy and approaches the disguised Pandava with a white robe and a garland of flowers.",pandava_period,pandava_friendship,Krishna; Arjuna; Draupadi,Panchala; Drupada's amphitheatre,joy; recognition; friendship,A,Mahabharata (Ganguli translation),1,190,,,all,3,3,2,4,
DKS_0363,363,Krishna Names the Pandavas to Balarama,"At Draupadi's svayamvara, Krishna, seated among the Yadava chiefs, recognizes the five Pandavas disguised as Brahmins and tells Balarama who each of them is.",pandava_period,pandava_friendship,Krishna; Balarama; Yudhishthira; Bhima; Arjuna; Nakula; Sahadeva; Draupadi,Panchala; Drupada's amphitheatre,recognition; disguise; friendship,A,Mahabharata (Ganguli translation),1,189,,,all,4,4,3,4,
DKS_0364,364,Krishna Stops the Angry Kings from Attacking the Pandavas,"When the insulted kings rush to attack Drupada and the Pandavas, Krishna declares that Draupadi has been justly won and persuades the monarchs to abandon the fight.",pandava_period,pandava_friendship,Krishna; Bhima; Arjuna; Drupada; Karna; Salya,Panchala; Drupada's amphitheatre,conciliation; protection; justice,A,Mahabharata (Ganguli translation),1,192,,,mild_violence,4,4,4,4,
DKS_0365,365,Krishna and Balarama Meet the Pandavas at the Potter's House,"Suspecting the Pandavas to be alive, Krishna and Balarama come to the potter's house, touch Yudhishthira's and Kunti's feet, and warn the disguised brothers to keep hidden.",pandava_period,pandava_friendship,Krishna; Balarama; Yudhishthira; Kunti,Panchala; the potter's house,friendship; disguise; prudence,A,Mahabharata (Ganguli translation),1,193,,,all,4,3,4,4,
DKS_0366,366,Krishna Sends Wedding Gifts to the Pandavas After Draupadi's Marriage,"After the Pandavas' marriage to Draupadi, Krishna sends them gold ornaments, costly robes, gems, elephants, horses, and crores of gold coins, which Yudhishthira accepts with joy.",pandava_period,pandava_friendship,Krishna; Yudhishthira; Draupadi,Panchala,generosity; alliance; friendship,A,Mahabharata (Ganguli translation),1,201,,,all,3,3,3,4,Duplicate events from the same Ganguli translation (1.201).
DKS_0367,367,Krishna Counsels the Pandavas to Return to Their Kingdom,"At Vidura's visit, Krishna (Vasudeva) advises that the Pandavas should accept their ancestral kingdom, and Drupada defers to his judgment.",pandava_period,pandava_friendship,Krishna; Vidura; Drupada; Yudhishthira,Panchala,counsel; friendship; righteousness,A,Mahabharata (Ganguli translation),1,209,,,all,3,3,3,4,
DKS_0368,368,Krishna Settles the Pandavas in Indraprastha and Returns to Dwaravati,"After the Pandavas receive half the kingdom, Krishna helps them establish Indraprastha, then takes his leave and returns to Dwaravati with Balarama.",pandava_period,pandava_friendship,Krishna; Balarama; Pandavas,Khandavaprastha; Indraprastha; Dwaravati,friendship; foundation; alliance,A,Mahabharata (Ganguli translation),1,209,,,all,3,3,3,4,
DKS_0369,369,Krishna Embraces Arjuna at Prabhasa and Hosts Him at Dwaraka,"During Arjuna's forest exile, Krishna learns of his arrival at Prabhasa and goes to meet him; the two friends, Nara and Narayana of old, embrace and Krishna hosts Arjuna at Dwaraka for many days.",pandava_period,pandava_friendship,Krishna; Arjuna,Prabhasa; Raivataka; Dwaraka,friendship; reunion; hospitality,A,Mahabharata (Ganguli translation),1,220,,,all,3,3,3,4,
DKS_0370,370,Krishna Counsels Arjuna to Abduct Subhadra,"At the Raivataka festival, Krishna notices Arjuna's love for his sister Subhadra and advises him to carry her away by force, the celebrated Kshatriya form of marriage.",pandava_period,pandava_friendship,Krishna; Arjuna; Subhadra,Raivataka; Dwaraka,love; strategy; alliance,A,Mahabharata (Ganguli translation),1,221,,,all,4,3,4,4,Krishna's counsel precedes the abduction; cf. bp10d_045/mb_a1_009.
DKS_0371,371,Krishna Comes to Indraprastha Bearing Nuptial Gifts,"Hearing that Arjuna has reached Indraprastha with Subhadra, Krishna arrives with the Yadava host and presents the Pandavas with cars, cows, mares, mules, and damsels as nuptial gifts.",pandava_period,pandava_friendship,Krishna; Balarama; Arjuna; Yudhishthira; Subhadra,Indraprastha; Dwaraka,generosity; alliance; procession,A,Mahabharata (Ganguli translation),1,223,,,all,2,4,2,4,Nuptial gifts for Subhadra's marriage (distinct from Draupadi's wedding gifts); cf. bp10d_045.
DKS_0372,372,Krishna Performs the Birth Rites of Abhimanyu,"Krishna stays on at Indraprastha with Arjuna, and when Subhadra bears Abhimanyu, Krishna performs the infant's birth rites; the child grows dear to him.",pandava_period,pandava_friendship,Krishna; Arjuna; Subhadra; Abhimanyu,Indraprastha,kinship; family; affection,A,Mahabharata (Ganguli translation),1,223,,,all,3,3,3,4,
DKS_0373,373,Krishna and Arjuna Sport on the Yamuna and Receive a Mysterious Brahmana,"In summer Krishna and Arjuna go with friends to sport on the banks of the Yamuna, where a radiant Brahmana suddenly approaches the seated heroes.",pandava_period,pandava_friendship,Krishna; Arjuna; Draupadi; Subhadra,the banks of the Yamuna,leisure; friendship; omen,A,Mahabharata (Ganguli translation),1,224,,,all,3,4,2,4,"First beat of the Khandava episode; cf. mb_a1_013 (Agni reveals himself), bp10c_038 (Bhagavata summary)."
DKS_0374,374,"Agni, in Brahman Disguise, Seeks Krishna and Arjuna's Help to Burn Khandava",The Brahmana reveals himself as Agni and asks Krishna and Arjuna to shield him from Indra's rains so he can consume the Khandava forest.,pandava_period,pandava_friendship,Krishna; Arjuna; Agni; Indra; Takshaka,Khandava forest; the banks of the Yamuna,divine request; helping; mission,A,Mahabharata (Ganguli translation),1,225,,,all,3,4,3,4,"Second beat of the Khandava episode; cf. mb_a1_012, bp10c_038."
DKS_0375,375,Krishna Vows the Earth Shall Drink the Blood of the Pandavas' Foes,"Visiting the exiled Pandavas in the forest, an enraged Krishna vows that the earth shall drink the blood of Duryodhana, Karna, Dussasana and Sakuni, and that Yudhishthira will be reinstalled on the throne.",pandava_period,pandava_friendship,Krishna; Yudhishthira; Duryodhana; Karna,Kamyaka forest,vow; righteous-wrath; justice; friendship,A,Mahabharata (Ganguli translation),3,12,,,all,4,3,3,4,Forest-visit vow; parallel to pre-war vow in mb_b_001/mb_b_002.
DKS_0376,376,Arjuna Pacifies the Wrathful Krishna,"When Krishna, inflamed by the Pandavas' wrongs, seems bent on consuming all creatures, Arjuna recites his former divine feats to calm him, and Krishna answers that he and Arjuna are Nara and Narayana.",pandava_period,pandava_friendship,Krishna; Arjuna,Kamyaka forest,friendship; calming; divine-identity,A,Mahabharata (Ganguli translation),3,12,,,all,3,2,2,4,cf. mb_a2_021.
DKS_0377,377,Krishna Promises Draupadi She Will Be Queen Again,"To the weeping Draupadi, Krishna vows that the wives of her enemies shall weep over their slain husbands and that she will once more be queen of kings, his words never futile.",pandava_period,pandava_friendship,Krishna; Draupadi; Arjuna,Kamyaka forest,promise; consolation; vindication,A,Mahabharata (Ganguli translation),3,12,,,all,4,3,3,4,Forest-visit promise; parallel to pre-war vow mb_b_002.
DKS_0378,378,Krishna Laments His Absence from the Dice Game,"Krishna tells Yudhishthira that had he been present at Dwarka he would have prevented the dice game by counsel or force, and that his absence while fighting Salwa caused the Pandavas' calamity.",pandava_period,pandava_friendship,Krishna; Yudhishthira,Kamyaka forest,regret; loyalty; explanation,A,Mahabharata (Ganguli translation),3,13,,,all,3,2,2,4,cf. mb_a2_021.
DKS_0379,379,Krishna Appears in Answer to Draupadi's Prayer,"When Durvasa arrives with ten thousand disciples and Draupadi has no food to offer, she prays to Krishna, who instantly leaves Rukmini's bed and comes to her.",pandava_period,pandava_friendship,Krishna; Draupadi; Durvasa; Rukmini,Kamyaka forest,devotion; protection; compassion,A,Mahabharata (Ganguli translation),3,261,,,all,3,3,3,4,"cf. mb_e_005, mb_e_006 (Akshaya-patra episode)."
DKS_0380,380,Krishna Eats a Single Grain and Satisfies Durvasa and His Disciples,"Krishna finds one grain of rice sticking to Draupadi's vessel, eats it, and by that act the sage Durvasa and his ten thousand disciples feel their stomachs full and flee.",pandava_period,pandava_friendship,Krishna; Draupadi; Durvasa; Bhimasena,Kamyaka forest,miracle; protection; humility,A,Mahabharata (Ganguli translation),3,261,,,all,3,3,3,4,cf. mb_e_004.
DKS_0381,381,Krishna Reassures the Pandavas and Departs,"After the frightened Munis flee, Krishna appears to the anxious Pandavas, assures them that Durvasa is gone and that the virtuous never suffer, then returns home.",pandava_period,pandava_friendship,Krishna; Pandavas; Draupadi; Durvasa,Kamyaka forest,protection; reassurance; devotion,A,Mahabharata (Ganguli translation),3,261,,,all,3,3,3,4,cf. mb_e_005.
DKS_0382,382,Krishna Sends Akrura to Hastinapura,Krishna visits Akrura's home and dispatches him to Hastinapura to learn whether the Pandavas are treated justly.,mathura,pandava_friendship,Krishna; Akrura; Balarama; Uddhava,Mathura; Hastinapura,duty; friendship; protection,A,"Srimad Bhagavata Purana (Sanskrit, GRETIL)",10,48,11-35,,all,3,2,3,5,
DKS_0383,383,Kunti Confides Her Sorrow to Akrura,"In Hastinapura, Kunti tearfully tells Akrura of the Pandavas' persecution and prays to Krishna for protection.",mathura,pandava_friendship,Kunti; Akrura; Vidura; Krishna,Hastinapura,sorrow; devotion; faith,A,"Srimad Bhagavata Purana (Sanskrit, GRETIL)",10,49,1-14,,all,4,3,3,5,
DKS_0384,384,Akrura Counsels Dhritarashtra,"Akrura advises Dhritarashtra to treat the Pandavas as his own sons, then returns and reports to Krishna and Balarama.",mathura,pandava_friendship,Akrura; Dhritarashtra; Krishna; Balarama,Hastinapura; Mathura,justice; counsel; impermanence,A,"Srimad Bhagavata Purana (Sanskrit, GRETIL)",10,49,15-30,,all,3,2,3,5,
DKS_0385,385,Krishna Visits the Pandavas at Indraprastha,"Krishna visits the Pandavas at Indraprastha, is joyously received by Yudhishthira, Bhima, Arjuna, Draupadi and Kunti, and stays four months.",pandava_period,pandava_friendship,Krishna; Yudhishthira; Arjuna; Draupadi; Kunti,Indraprastha,friendship; reunion; joy,A,"Srimad Bhagavata Purana (Sanskrit, GRETIL)",10,58,1-11,,all,4,3,3,5,Earlier visit (10.58); distinct from the Rajasuya arrival bp10d_006.
DKS_0386,386,Krishna Grants the Khadava Forest to Agni,"Krishna, as Arjuna's charioteer, helps him give the Khadava forest to Agni, who bestows the Gandiva bow and inexhaustible quivers.",pandava_period,pandava_friendship,Krishna; Arjuna; Agni; Maya,Khadava forest,alliance; fire; divine gifts,A,"Srimad Bhagavata Purana (Sanskrit, GRETIL)",10,58,23-26,,all,4,5,4,5,"Condensed Bhagavata account of the Khandava episode; cf. mb_a1_012 (Brahmana arrives), mb_a1_013 (Agni seeks help)."
DKS_0387,387,Krishna Arrives at Indraprastha for the Rajasuya,"Krishna arrives at Indraprastha, where Yudhishthira, Bhima, Arjuna, the twins and Kunti embrace him with overflowing love.",pandava_period,pandava_friendship,Krishna; Yudhishthira; Bhima; Arjuna; Kunti; Draupadi,Indraprastha,friendship; reunion; family love,A,"Srimad Bhagavata Purana (Sanskrit, GRETIL)",10,71,22-44,,all,4,3,3,5,Bhagavata (10.71) frames the arrival as an emotional reunion/embrace; Mahabharata (2.32) frames it as arriving with treasure.
DKS_0388,388,Krishna Pacifies the Yadavas After Arjuna's Abduction of Subhadra,"Arjuna, disguised as a renunciant, wins Krishna's sister Subhadra and carries her off; when Balarama grows angry, Krishna pacifies him and he sends wedding gifts.",pandava_period,pandava_friendship,Arjuna; Subhadra; Krishna; Balarama,Dwaraka,elopement; love; alliance,A,"Srimad Bhagavata Purana (Sanskrit, GRETIL)",10,86,1-11,,all,4,4,4,5,Bhagavata (10.86) condenses abduction + pacification; Mahabharata (1.223) details the defense of the alliance.
DKS_0389,389,Krishna Washes the Feet of the Brahmanas,"At the Rajasuya, Krishna the lord of all worlds humbly takes up the menial office of washing the feet of the Brahmanas.",pandava_period,rajasuya_and_sisupala,Krishna; Yudhishthira,Indraprastha,humility; service; devotion,A,Mahabharata (Ganguli translation),2,35,,,all,3,3,4,4,Krishna's menial service at the sacrifice; precedes the first-honor episode; cf. bp10d_015/mb_a2_012.
DKS_0390,390,Shishupala Incites the Kings to Battle,"Shishupala rallies the angry monarchs to obstruct the sacrifice, and Krishna perceives that the assembled kings are preparing for a rush.",pandava_period,rajasuya_and_sisupala,Shishupala; Krishna; Sahadeva; Narada,Indraprastha,rebellion; anger; foresight,A,Mahabharata (Ganguli translation),2,39,,,all,3,3,3,4,Follows Shishupala's outburst; cf. bp10d_016/mb_a2_013.
DKS_0391,391,Bhishma Foretells That Krishna Will Destroy Shishupala,"As Yudhishthira fears for his sacrifice, Bhishma declares the kings mere barking dogs before the sleeping lion of the Vrishnis, and that Vishnu has resolved to take back Shishupala's energy.",pandava_period,rajasuya_and_sisupala,Bhishma; Krishna; Yudhishthira; Shishupala,Indraprastha,destiny; reassurance; divine-will,A,Mahabharata (Ganguli translation),2,40,,,all,3,2,2,4,Bhishma's foretelling within the Shishupala episode; cf. bp10d_016.
DKS_0392,392,Krishna Grants Shishupala's Mother the Boon of a Hundred Offences,"When the frightened queen begs a boon, Krishna promises to pardon a hundred offences of Shishupala for her sake, a promise that now nears its limit.",pandava_period,rajasuya_and_sisupala,Krishna; Shishupala; Shishupala's mother (Srutasrava),Chedi,boon; forbearance; mother's-love,A,Mahabharata (Ganguli translation),2,42,,,all,4,2,3,4,"The hundred-offences boon, now expiring; cf. bp10d_017."
DKS_0393,393,Narada Announces the Rajasuya,"Narada arrives at the assembly and announces that Yudhishthira will perform the Rajasuya sacrifice, requesting Krishna's consent and presence.",pandava_period,rajasuya_and_sisupala,Krishna; Narada; Yudhishthira; Uddhava,Dwaraka,friendship; royal sacrifice; divine messenger,A,"Srimad Bhagavata Purana (Sanskrit, GRETIL)",10,70,31-46,,all,3,3,3,5,Narada's announcement precedes the request; cf. bp10d_007/mb_a2_010.
DKS_0394,394,Yudhishthira Requests the Rajasuya and Krishna Approves,"Yudhishthira asks Krishna's permission and blessing to perform the Rajasuya, and Krishna approves, promising to win the kings of the earth for him.",pandava_period,rajasuya_and_sisupala,Krishna; Yudhishthira,Indraprastha,royal sacrifice; blessing; friendship,A,"Srimad Bhagavata Purana (Sanskrit, GRETIL)",10,72,1-10,,all,3,2,3,5,Same permission moment; Bhagavata 10.72 vs Mahabharata 2.32.
DKS_0395,395,The Pandavas Conquer the Directions,"Yudhishthira sends his four brothers to conquer the four quarters, and they return laden with tribute for the sacrifice.",pandava_period,rajasuya_and_sisupala,Yudhishthira; Sahadeva; Nakula; Arjuna; Bhima,the four directions,conquest; tribute; empire,A,"Srimad Bhagavata Purana (Sanskrit, GRETIL)",10,72,11-13,,all,3,3,3,5,Follows the Rajasuya permission; cf. bp10d_007.
DKS_0396,396,Krishna Receives the First Honor (Arghya) at the Rajasuya,"Sahadeva declares Krishna alone worthy of the highest honor at the sacrifice, and Yudhishthira washes Krishna's feet and worships him before all.",pandava_period,rajasuya_and_sisupala,Krishna; Sahadeva; Yudhishthira,Indraprastha; Rajasuya assembly,supremacy; honor; devotion,A,"Srimad Bhagavata Purana (Sanskrit, GRETIL)",10,74,17-28,,all,4,4,3,5,Bhagavata credits Sahadeva's declaration; Mahabharata credits Bhishma's direction.
DKS_0397,397,Shishupala's Outburst Against Krishna,"Enraged at Krishna's honor, Shishupala rises and heaps insults on Krishna, calling him a cowherd unworthy of worship; the assembly rebukes him and some draw weapons.",pandava_period,rajasuya_and_sisupala,Shishupala; Krishna; the assembly; the Pandavas,Indraprastha; Rajasuya assembly,pride; envy; blasphemy,A,"Srimad Bhagavata Purana (Sanskrit, GRETIL)",10,74,29-41,,all,4,4,4,5,
DKS_0398,398,Krishna Slays Shishupala,"Krishna, restraining his own men, cuts off Shishupala's head with the sharp-edged discus, and Shishupala's effulgence merges into Krishna.",pandava_period,rajasuya_and_sisupala,Krishna; Shishupala,Indraprastha; Rajasuya assembly,retribution; divine justice; liberation,A,"Srimad Bhagavata Purana (Sanskrit, GRETIL)",10,74,42-45,,mild_violence,5,5,4,5,
DKS_0399,399,The Rajasuya Completed,"Krishna completes the Rajasuya for Yudhishthira, gives the priests their fees, stays some months, and departs; only Duryodhana cannot bear the Pandavas' splendor.",pandava_period,rajasuya_and_sisupala,Krishna; Yudhishthira; Duryodhana,Indraprastha,sacrifice; envy; completion,A,"Srimad Bhagavata Purana (Sanskrit, GRETIL)",10,74,46-52,,all,3,2,3,5,Rajasuya conclusion; cf. bp10d_015.
DKS_0400,400,Duryodhana's Humiliation in Maya's Hall,"In the illusory assembly hall built by Maya, Duryodhana mistakes water for floor and falls; Bhima and the women laugh, and Duryodhana departs burning with shame and hatred.",pandava_period,rajasuya_and_sisupala,Duryodhana; Bhima; Krishna; Yudhishthira,Indraprastha; Maya's assembly hall,pride; humiliation; enmity,A,"Srimad Bhagavata Purana (Sanskrit, GRETIL)",10,75,30-38,,all,5,5,4,5,Duryodhana's humiliation follows the sacrifice; cf. bp10d_018.
DKS_0401,401,"Shalva Wins the Flying City Saubha || Shalva, friend of the slain Shishupala, vows to destroy the Yadavas and wins from Shiva through austere penance the flying iron city Saubha, built by Maya.","Shalva, friend of the slain Shishupala, vows to destroy the Yadavas and wins from Shiva through austere penance the flying iron city Saubha, built by Maya.",dwaraka,rajasuya_and_sisupala,Shalva; Shiva; Maya,the Himalayas; Dwaraka (target),revenge; penance; boon,A,"Srimad Bhagavata Purana (Sanskrit, GRETIL)",10,76,1-7,,all,3,3,3,5,
DKS_0402,402,"Shalva Besieges Dwaraka || Shalva arrives at Dwaraka in the indestructible flying city Saubha and rains weapons, rocks and serpents upon the city, terrifying its people.","Shalva arrives at Dwaraka in the indestructible flying city Saubha and rains weapons, rocks and serpents upon the city, terrifying its people.",dwaraka,rajasuya_and_sisupala,Shalva; Pradyumna; Satyaki; the Yadavas,Dwaraka,siege; terror; war,A,"Srimad Bhagavata Purana (Sanskrit, GRETIL)",10,76,7-16,,mild_violence,4,5,3,5,
DKS_0403,403,"Krishna Returns to the Battle || Returning from Indraprastha and seeing evil omens, Krishna hurries to Dwaraka, orders his chariot against Shalva, and joins the fight, shattering Shalva's weapons.","Returning from Indraprastha and seeing evil omens, Krishna hurries to Dwaraka, orders his chariot against Shalva, and joins the fight, shattering Shalva's weapons.",dwaraka,rajasuya_and_sisupala,Krishna; Shalva; Daruka,Dwaraka; the sky,urgency; leadership; combat,A,"Srimad Bhagavata Purana (Sanskrit, GRETIL)",10,77,5-18,,mild_violence,4,4,3,5,
DKS_0404,404,Shalva's Illusion of Vasudeva's Death,"Shalva conjures the illusion that his men have captured and beheaded Vasudeva before Krishna's eyes; Krishna, briefly appearing grief-stricken, then sees through the sorcery.",dwaraka,rajasuya_and_sisupala,Krishna; Shalva; Vasudeva,Dwaraka (battlefield),illusion; sorcery; composure,A,"Srimad Bhagavata Purana (Sanskrit, GRETIL)",10,77,19-31,,all,4,5,4,5,BP: Krishna briefly appears grief-stricken then sees through the sorcery; MB: Krishna swoons and drops the Sharnga bow.
DKS_0405,405,Krishna Destroys the Flying City Saubha and Slays Shalva,"Krishna cuts off Shalva's arm, shatters the flying city Saubha with his mace, and beheads Shalva with the discus as he attacks on foot.",dwaraka,rajasuya_and_sisupala,Krishna; Shalva,Dwaraka; the sky,divine victory; justice; destruction,A,"Srimad Bhagavata Purana (Sanskrit, GRETIL)",10,77,32-35,,mild_violence,4,5,4,5,"MB splits it: discus cuts Saubha in twain (mb_a2_027), then cleaves Salwa (mb_a2_028); BP bundles both (mace shatters Saubha, discus beheads Shalva)."
DKS_0406,406,"Krishna Slays Dantavakra and Viduratha || Dantavakra attacks Krishna with a mace to avenge Shishupala and Shalva; Krishna crushes his chest, then beheads his brother Viduratha with the discus.","Dantavakra attacks Krishna with a mace to avenge Shishupala and Shalva; Krishna crushes his chest, then beheads his brother Viduratha with the discus.",dwaraka,rajasuya_and_sisupala,Krishna; Dantavakra; Viduratha,near Dwaraka,revenge; combat; divine justice,A,"Srimad Bhagavata Purana (Sanskrit, GRETIL)",10,78,1-11,,mild_violence,4,4,3,5,
DKS_0407,407,Draupadi Invokes Krishna as She Is Dragged and Disrobed,"As Dussasana drags her before the assembly and strips her, Draupadi cries out to Govinda, Kesava and Janarddana to rescue her from the Kaurava ocean.",pandava_period,draupadi_honour,Draupadi; Krishna; Dussasana,Hastinapura (Kuru assembly),devotion; prayer; distress; faith,A,Mahabharata (Ganguli translation),2,66,,,all,4,4,3,4,Invocation beat; cf. mb_a2_020.
DKS_0408,408,Krishna Protects Draupadi with Endless Robes,"Moved by Draupadi's call, Krishna comes to her aid from compassion; the unseen Dharma covers her so that as each garment is dragged off another appears, hundreds of robes protecting her honour.",pandava_period,draupadi_honour,Krishna; Draupadi; Dussasana; Dharma,Hastinapura (Kuru assembly),divine-protection; miracle; honour; compassion,A,Mahabharata (Ganguli translation),2,66,,,all,5,5,4,4,Protection beat; cf. mb_a2_019.
DKS_0409,409,Draupadi Appeals to Krishna for Vengeance,"Draupadi, clutching her dishevelled hair, reminds Krishna of her humiliation in the assembly and begs him to avenge her on the Kauravas.",kurukshetra,draupadi_honour,Krishna; Draupadi; Bhima; Arjuna,Upaplavya,grief; vengeance; honour,A,Mahabharata (Ganguli translation),5,082,,,all,4,4,3,4,Pre-war appeal; parallel to forest-visit vow mb_a2_021.
DKS_0410,410,Krishna Vows the Kuru Women Will Weep,"Krishna comforts the weeping Draupadi and swears that the women of the Kuru race will soon weep as she does, with their kinsmen slain.",kurukshetra,draupadi_honour,Krishna; Draupadi,Upaplavya,vow; vengeance; prophecy,A,Mahabharata (Ganguli translation),5,082,,,all,4,3,3,4,Pre-war vow; parallel to forest-visit promise mb_a2_023.
DKS_0411,411,The Pandavas Charge Krishna with the Peace Mission,"Before his departure for Hastinapura, Bhima, Arjuna and Nakula each address Krishna, urging him to seek peace with the Kauravas and entrusting their cause to him.",kurukshetra,peace_mission,Krishna; Arjuna; Bhima; Nakula,Upaplavya,peace; diplomacy; trust,A,Mahabharata (Ganguli translation),5,78,,,all,3,3,3,4,
DKS_0412,412,Krishna Accepts the Peace Mission,"Asked by Arjuna to go as envoy, Krishna agrees to go to Dhritarashtra to seek peace for the good of both the Pandavas and the Kurus.",kurukshetra,peace_mission,Krishna; Arjuna,Upaplavya,peace; duty; reconciliation,A,Mahabharata (Ganguli translation),5,083,,,all,3,2,3,4,
DKS_0413,413,Krishna Prepares His Chariot and Sets Out for Hastinapura,"After his morning rites, Krishna has his car armed with his conch, discus and mace; Garuda alights on its flagstaff, and he mounts and sets out with Satyaki.",kurukshetra,peace_mission,Krishna; Satyaki; Garuda; Daruka,Upaplavya; road to Hastinapura,departure; divinity; preparation,A,Mahabharata (Ganguli translation),5,083,,,all,4,5,3,4,
DKS_0414,414,Yudhishthira Entrusts Krishna with Messages for Kunti and the Elders,"Yudhishthira, following Krishna some distance, asks him to salute and comfort his grieving mother Kunti and to greet Bhishma, Drona, Kripa, Vidura and all the elders.",kurukshetra,peace_mission,Krishna; Yudhishthira; Kunti,Upaplavya,filial duty; grief; reconciliation,A,Mahabharata (Ganguli translation),5,083,,,all,3,2,3,4,
DKS_0415,415,Arjuna's Parting Warning and Bhima's Roar,"Arjuna warns that if Duryodhana acts improperly he will annihilate the Kshatriyas, and Bhima, hearing this, sets forth a terrible shout that makes all bowmen tremble.",kurukshetra,peace_mission,Krishna; Arjuna; Bhima,Upaplavya,war; warning; wrath,A,Mahabharata (Ganguli translation),5,083,,,all,3,3,3,4,
DKS_0416,416,Krishna Meets the Celestial Rishis Led by Parashurama,On the road Krishna alights to worship a band of celestial Rishis; Jamadagni's son Parashurama embraces him and says they come to witness the conclave and hear his words.,kurukshetra,peace_mission,Krishna; Parashurama; Narada,road to Hastinapura,divinity; witness; assembly,A,Mahabharata (Ganguli translation),5,083,,,all,3,3,3,4,
DKS_0417,417,Krishna's Auspicious Journey to Hastinapura,"As Krishna journeys to Hastinapura, dread omens fall on the Kuru capital while wherever he passes the road becomes auspicious with showers of flowers; he passes the night at Vrikasthala.",kurukshetra,peace_mission,Krishna; Daruka,Vrikasthala; road to Hastinapura,omens; auspiciousness; journey,A,Mahabharata (Ganguli translation),5,084,,,all,3,4,3,4,
DKS_0418,418,Duryodhana's Lavish Pavilions That Krishna Ignores,"Duryodhana builds gem-studded pavilions to receive Krishna, but Krishna arrives at the Kuru capital without casting a single glance at them.",kurukshetra,peace_mission,Krishna; Duryodhana; Dhritarashtra; Bhishma,Hastinapura; Vrikasthala,pride; humility; hospitality,A,Mahabharata (Ganguli translation),5,085,,,all,3,4,3,4,
DKS_0419,419,Vidura Exposes the Plan to Bribe Krishna,"When Dhritarashtra plans lavish gifts to win Krishna over, Vidura declares the gifts betray deception and that Krishna can never be separated from Arjuna.",kurukshetra,peace_mission,Krishna; Vidura; Dhritarashtra,Hastinapura,discernment; loyalty; deception,A,Mahabharata (Ganguli translation),5,087,,,all,3,2,3,4,
DKS_0420,420,Duryodhana Resolves to Imprison Krishna; Bhishma Departs in Anger,"Duryodhana announces his plan to imprison Krishna; Dhritarashtra is pained and Bhishma, denouncing the wicked scheme, rises in rage and leaves.",kurukshetra,peace_mission,Krishna; Duryodhana; Bhishma; Dhritarashtra,Hastinapura,plot; imprisonment; foreshadowing,A,Mahabharata (Ganguli translation),5,088,,,all,4,3,3,4,
DKS_0421,421,Krishna Enters Hastinapura and Meets Dhritarashtra,"Welcomed by Bhishma, Drona and the Dhartarashtras, Krishna enters Hastinapura, where the blind king Dhritarashtra and all the elders rise to honour him.",kurukshetra,peace_mission,Krishna; Dhritarashtra; Bhishma; Drona; Vidura,Hastinapura,hospitality; honour; entry,A,Mahabharata (Ganguli translation),5,089,,,all,3,4,3,4,
DKS_0422,422,Krishna Comforts the Grieving Kunti,"Krishna visits his aunt Kunti, who pours out her sorrows for her exiled sons; he consoles her and assures her she will soon see the Pandavas victorious.",kurukshetra,peace_mission,Krishna; Kunti,Hastinapura,grief; consolation; family,A,Mahabharata (Ganguli translation),5,090,,,all,4,2,3,4,
DKS_0423,423,Krishna Refuses Duryodhana's Hospitality,"Duryodhana invites Krishna to eat at his house, but Krishna refuses, saying envoys eat only after their mission succeeds and that he will accept food from Vidura alone.",kurukshetra,peace_mission,Krishna; Duryodhana; Karna; Vidura,Hastinapura,integrity; refusal; hospitality,A,Mahabharata (Ganguli translation),5,091,,,all,4,2,4,4,
DKS_0424,424,Vidura Warns Krishna of Duryodhana's Wickedness,"That night Vidura tells Krishna his coming was ill-judged, describing Duryodhana's vices and his belief that he can never be persuaded to make peace.",kurukshetra,peace_mission,Krishna; Vidura; Duryodhana,Hastinapura; Vidura's abode,warning; discernment; foresight,A,Mahabharata (Ganguli translation),5,092,,,all,3,2,3,4,
DKS_0425,425,Krishna's Resolve: The Merit of Striving for Peace,"Krishna answers Vidura that he came knowing Duryodhana's wickedness, for great is the merit of one who strives to save the earth from destruction even if he fails.",kurukshetra,peace_mission,Krishna; Vidura,Hastinapura; Vidura's abode,resolve; duty; peace,A,Mahabharata (Ganguli translation),5,093,,,all,3,2,3,4,
DKS_0426,426,Krishna Enters the Kuru Assembly,"Krishna rides in procession to the Kuru court, enters arm-in-arm with Vidura and Satyaki, and after the Rishis are seated takes his seat in the assembly.",kurukshetra,peace_mission,Krishna; Vidura; Satyaki; Dhritarashtra; Bhishma,Hastinapura; Kuru assembly,assembly; honour; divinity,A,Mahabharata (Ganguli translation),5,094,,,all,3,4,3,4,
DKS_0427,427,Krishna's Plea for Peace Before the Assembly,"Before the assembled kings, Krishna urges Dhritarashtra to restrain his sons and restore the Pandavas' share of the kingdom, to save the world from slaughter.",kurukshetra,peace_mission,Krishna; Dhritarashtra; Duryodhana; Yudhishthira,Hastinapura; Kuru assembly,peace; justice; reconciliation,A,Mahabharata (Ganguli translation),5,095,,,all,4,2,4,4,
DKS_0428,428,Parashurama Reveals Krishna and Arjuna as Nara and Narayana,"Parashurama, in the assembly, tells the tale of Dambhodbhava and declares that Nara and Narayana of old are now Arjuna and Krishna, urging Duryodhana to make peace.",kurukshetra,peace_mission,Krishna; Arjuna; Parashurama; Duryodhana,Hastinapura; Kuru assembly,divinity; counsel; peace,A,Mahabharata (Ganguli translation),5,096,,,all,3,3,3,4,
DKS_0429,429,Krishna's Appeal to Duryodhana,"At Dhritarashtra's request, Krishna approaches Duryodhana directly and urges him, with reasoned counsel, to make peace with the Pandavas for the good of his own race.",kurukshetra,peace_mission,Krishna; Duryodhana; Dhritarashtra,Hastinapura; Kuru assembly,counsel; peace; kinship,A,Mahabharata (Ganguli translation),5,124,,,all,4,2,3,4,
DKS_0430,430,Duryodhana's Refusal: Not a Needle-Point of Land,"Duryodhana rejects Krishna's counsel, claiming he has done no wrong, and vows that not even land covered by the point of a needle will be given to the Pandavas while he lives.",kurukshetra,peace_mission,Duryodhana; Krishna,Hastinapura; Kuru assembly,pride; refusal; war,A,Mahabharata (Ganguli translation),5,127,,,all,4,2,4,4,
DKS_0431,431,Krishna's Rebuke of Duryodhana's Crimes,"With eyes red in anger, Krishna recounts Duryodhana's crimes — the dice plot, Draupadi's humiliation, the attempts to burn and poison the Pandavas — and foretells his downfall.",kurukshetra,peace_mission,Krishna; Duryodhana; Dussasana; Karna,Hastinapura; Kuru assembly,wrath; rebuke; justice,A,Mahabharata (Ganguli translation),5,128,,,all,4,3,3,4,
DKS_0432,432,Krishna Urges the Elders to Bind Duryodhana,"After Duryodhana storms out, Krishna tells the elders that they are guilty for not seizing the wicked king, citing how he himself slew Kansa to save his kinsmen.",kurukshetra,peace_mission,Krishna; Bhishma; Drona; Duryodhana; Kansa,Hastinapura; Kuru assembly,justice; kinship; counsel,A,Mahabharata (Ganguli translation),5,128,,,all,4,2,3,4,
DKS_0433,433,The Plot to Seize Krishna; Satyaki's Alarm,"Duryodhana, Karna, Sakuni and Dussasana resolve to seize Krishna by force; Satyaki, reading the signs, alerts Krishna and arrays the troops.",kurukshetra,peace_mission,Krishna; Satyaki; Duryodhana; Karna; Sakuni; Dussasana; Kritavarman,Hastinapura; Kuru assembly,conspiracy; vigilance; seizure,A,Mahabharata (Ganguli translation),5,130,,,all,4,3,3,4,
DKS_0434,434,Krishna Defies the Conspirators,"Krishna tells Dhritarashtra that if they wish to seize him by violence they may try, for he could make over all of them to the Pandavas, but he will not commit a censurable deed.",kurukshetra,peace_mission,Krishna; Dhritarashtra; Vidura,Hastinapura; Kuru assembly,defiance; restraint; power,A,Mahabharata (Ganguli translation),5,130,,,all,4,2,3,4,
DKS_0435,435,Krishna Reveals His Universal Form,"Laughing at Duryodhana's boast to seize him, Krishna bursts into his universal form — gods issuing from his body, the whole court dazzled, all but a few closing their eyes in terror.",kurukshetra,peace_mission,Krishna; Duryodhana; Bhishma; Drona; Vidura; Sanjaya,Hastinapura; Kuru assembly,cosmic_form; divinity; awe,A,Mahabharata (Ganguli translation),5,131,,,all,5,5,4,4,
DKS_0436,436,Krishna Departs as Dhritarashtra Pleads Powerlessness,"With the assembly witnessed, Krishna takes leave of the elders, declares he will return to Yudhishthira, and mounts his car to depart as Dhritarashtra protests his powerlessness.",kurukshetra,peace_mission,Krishna; Dhritarashtra; Bhishma; Drona; Vidura,Hastinapura; Kuru assembly,departure; witness; helplessness,A,Mahabharata (Ganguli translation),5,131,,,all,3,3,3,4,
DKS_0437,437,Krishna Relays Kunti's Message: The Duty of a Kshatriya,Krishna reports the failed embassy to Kunti and carries back her charge to Yudhishthira to recover his kingdom by the prowess of his arms as a Kshatriya should.,kurukshetra,peace_mission,Krishna; Kunti; Yudhishthira,Hastinapura; Kunti's abode,duty; kshatriya_dharma; exhortation,A,Mahabharata (Ganguli translation),5,132,,,all,4,2,3,4,
DKS_0438,438,Kunti's Exhortation: The Story of Vidula and Sanjaya,"Kunti instructs Krishna to carry the ancient tale of Vidula, who shamed her defeated son Sanjaya back into battle, as an exhortation to war for Yudhishthira.",kurukshetra,peace_mission,Krishna; Kunti; Vidula; Sanjaya,Hastinapura; Kunti's abode,courage; exhortation; war,A,Mahabharata (Ganguli translation),5,133,,,all,3,2,3,4,
DKS_0439,439,Kunti's Final Messages and Krishna's Leave-Taking,"Kunti gives Krishna parting words for Arjuna, Bhima, Draupadi and the twins, recalling the celestial voice that promised Arjuna victory, and Krishna takes his leave of her.",kurukshetra,peace_mission,Krishna; Kunti; Arjuna; Bhima; Draupadi,Hastinapura; Kunti's abode,prophecy; parting; war,A,Mahabharata (Ganguli translation),5,137,,,all,3,2,3,4,
DKS_0440,440,Krishna Takes Karna Upon His Chariot and Returns to Upaplavya,"Krishna dismisses the Kuru chiefs, takes Karna upon his chariot, deliberates with him at length, then dismisses him and returns swiftly to Upaplavya.",kurukshetra,peace_mission,Krishna; Karna; Satyaki; Daruka,Hastinapura; road to Upaplavya,journey; dialogue; return,A,Mahabharata (Ganguli translation),5,137,,,all,3,3,3,4,cf. mb_e_008 (Karna's leave-taking).
DKS_0441,441,Krishna Reveals Karna's Birth and Offers Him the Kingdom,"Krishna tells Karna he is Kunti's firstborn son and therefore a Pandava, and offers to have him installed as king of the whole earth with the Pandavas as his followers.",kurukshetra,peace_mission,Krishna; Karna; Kunti; Yudhishthira,"on the road, near Hastinapura",birth_secret; offer; identity,A,Mahabharata (Ganguli translation),5,140,,,all,5,3,4,4,
DKS_0442,442,"Karna Refuses, Pledging Loyalty to Duryodhana","Acknowledging he is Kunti's son by Surya, Karna refuses the kingdom, declaring that Adhiratha and Radha who raised him are his parents and that he will not betray Duryodhana.",kurukshetra,peace_mission,Krishna; Karna; Duryodhana; Adhiratha; Radha; Kunti,"on the road, near Hastinapura",loyalty; birth_secret; gratitude,A,Mahabharata (Ganguli translation),5,141,,,all,5,3,4,4,
DKS_0443,443,Karna's Prophecy of the Coming War as a Sacrifice,"Karna foretells the war as a great sacrifice of arms with Krishna as its witness, describing how each hero will play a priestly part, and asks Krishna to keep their talk secret.",kurukshetra,peace_mission,Karna; Krishna; Arjuna; Bhima; Duryodhana,"on the road, near Hastinapura",war; prophecy; sacrifice,A,Mahabharata (Ganguli translation),5,141,,,mild_violence,4,3,4,4,
DKS_0444,444,Karna Worships Krishna and Takes His Leave,"On the road from Hastinapura, Karna worships Krishna and recounts omens and visions foretelling the Kauravas' defeat; Krishna replies that the destruction of the earth is at hand, and the two part.",kurukshetra,peace_mission,Krishna; Karna,Hastinapura; road to Upaplavya,fate; honesty; parting,A,Mahabharata (Ganguli translation),5,143,,,all,3,3,3,4,cf. mb_b_031.
DKS_0445,445,Krishna Returns to Upaplavya and Reports the Failure of the Peace Mission,Krishna returns from Hastinapura and reports to the Pandavas that Duryodhana rejected his true and beneficial words in the assembly.,kurukshetra,peace_mission,Krishna; Yudhishthira; Pandavas; Duryodhana,Upaplavya; Hastinapura,diplomacy; truth; failure,A,Mahabharata (Ganguli translation),5,147,,,all,3,3,3,4,
DKS_0446,446,Krishna Guides Arjuna Against Ashvatthama's Brahmastra,"After Ashvatthama releases the Brahmashira weapon at the Pandavas, a terrified Arjuna calls on Krishna, who tells him only a brahmastra can counter it; Arjuna discharges it and, at Krishna's word, withdraws both blazing weapons to save the worlds.",kurukshetra,kurukshetra_war,Krishna; Arjuna; Ashvatthama; Draupadi,Kurukshetra; the battlefield,divine protection; war; devotion; crisis,A,"Srimad Bhagavata Purana (Sanskrit, GRETIL)",1,7,12-31,,all,4,4,3,5,
DKS_0447,447,Krishna's Verdict on Ashvatthama,"When Ashvatthama, the murderer of the sleeping children, is dragged before Krishna and the Pandavas, Krishna urges that the brahmin-slayer must be punished but not slain, and pronounces the compromise Arjuna carries out: strip his jewel and shave his head, sparing his life.",kurukshetra,kurukshetra_war,Krishna; Arjuna; Ashvatthama; Draupadi; Bhima,the Pandava camp; Hastinapura,justice; mercy; dharma; punishment,A,"Srimad Bhagavata Purana (Sanskrit, GRETIL)",1,7,32-56,,all,4,3,4,5,
DKS_0448,448,Bhishma's Passing in Krishna's Presence,"Lying on his bed of arrows at the auspicious northern solstice, Bhishma fixes his gaze on Krishna standing before him, glorifies him as Narayana himself, and passes away with his mind merged in the Lord, while the sages and Pandavas look on.",kurukshetra,kurukshetra_war,Krishna; Bhishma; Yudhishthira; the Pandavas,Kurukshetra,devotion; death; liberation; gratitude,A,"Srimad Bhagavata Purana (Sanskrit, GRETIL)",1,9,21-45,,all,4,4,3,5,
DKS_0449,449,The Kurukshetra War,"Uddhava recalls how the earth shook at Kurukshetra as the armies of the warring cousins gathered, and how Duryodhana lay at the last with his thigh broken, the burden of the earth lifted by Krishna's design.",kurukshetra,kurukshetra_war,Krishna; Duryodhana; the Pandavas; the Kauravas,Kurukshetra,war; the fall of Duryodhana; the lifting of the earth's burden,A,"Srimad Bhagavata Purana (Sanskrit, GRETIL)",3,3,11-12,,mild_violence,3,3,3,5,
DKS_0450,450,Krishna Names Dhrishtadyumna Commander of the Pandava Army,"When Yudhishthira asks who should lead the seven Akshauhinis, Krishna approves the candidates and names Dhrishtadyumna as the commander-in-chief.",kurukshetra,kurukshetra_war,Krishna; Yudhishthira; Dhrishtadyumna,Upaplavya,leadership; strategy; war,A,Mahabharata (Ganguli translation),5,151,,,all,3,3,3,4,
DKS_0451,451,Krishna Declares That War Is Now Inevitable,"Pressed by Yudhishthira for guidance, Krishna answers that Duryodhana bears no good will and that, since the Pandavas will not abandon their property, war must now take place.",kurukshetra,kurukshetra_war,Krishna; Yudhishthira; Duryodhana,Upaplavya,war; counsel; inevitability,A,Mahabharata (Ganguli translation),5,154,,,all,3,3,3,4,
DKS_0452,452,Krishna Is Chosen as Arjuna's Charioteer,"As the Pandavas marshal their army for Kurukshetra, Krishna is chosen as Arjuna's guide and the driver of his steeds.",kurukshetra,kurukshetra_war,Krishna; Arjuna; Yudhishthira,Upaplavya; Kurukshetra,charioteer; friendship; war,A,Mahabharata (Ganguli translation),5,155,,,all,3,3,3,4,
DKS_0453,453,Balarama Refuses to Take Sides and Departs on Pilgrimage,"Balarama, unwilling to fight against either the Pandavas or Duryodhana, declares he follows Krishna's cause but departs to the Saraswati tirthas rather than watch the Kauravas' destruction.",kurukshetra,kurukshetra_war,Krishna; Balarama; Pandavas,Upaplavya; Saraswati,neutrality; kinship; detachment,A,Mahabharata (Ganguli translation),5,155,,,all,3,3,3,4,
DKS_0454,454,Krishna Directs Arjuna to Hymn Durga,"On the eve of the battle Krishna tells Arjuna to recite his hymn to Durga; the goddess appears in the sky, grants victory, and both warriors blow their conches.",kurukshetra,kurukshetra_war,Krishna; Arjuna; Durga,Kurukshetra,devotion; divine blessing; war preparation,A,Mahabharata (Ganguli translation),6,23,,,all,3,4,3,4,
DKS_0455,455,Krishna Places the Chariot Between the Armies,At Arjuna's request Krishna drives the chariot between the two assembled armies so Arjuna can survey the kinsmen he must fight.,kurukshetra,kurukshetra_war,Krishna; Arjuna,Kurukshetra,survey before battle; kinship; duty,A,Mahabharata (Ganguli translation),6,25,,,all,4,4,4,4,
DKS_0456,456,Arjuna's Despair and Collapse,"Seeing his kinsmen arrayed on both sides, Arjuna is overcome with pity, his bow Gandiva slips from his hand, and he casts aside his weapons and sinks down on his chariot.",kurukshetra,kurukshetra_war,Arjuna; Krishna,Kurukshetra,despair; compassion; moral crisis,A,Mahabharata (Ganguli translation),6,25,,,all,5,4,4,4,
DKS_0457,457,Arjuna Surrenders to Krishna as Disciple,"Unable to see his duty, Arjuna lays down his arms in spirit and begs Krishna to instruct him as his disciple.",kurukshetra,kurukshetra_war,Arjuna; Krishna,Kurukshetra,surrender; discipleship; seeking guidance,A,Mahabharata (Ganguli translation),6,26,,,all,4,2,4,4,
DKS_0458,458,Krishna Grants Celestial Sight and Reveals the Vishvarupa,"At Arjuna's request, Krishna gives him divine sight and reveals his supreme universal form filling the heavens.",kurukshetra,kurukshetra_war,Krishna; Arjuna,Kurukshetra,cosmic vision; divine revelation; awe,A,Mahabharata (Ganguli translation),6,35,,,all,5,5,4,4,
DKS_0459,459,Krishna Declares 'I Am Death',"Within the cosmic form Arjuna sees the warriors rushing into Krishna's flaming mouths, and Krishna reveals himself as all-consuming Time commanding Arjuna to be his instrument.",kurukshetra,kurukshetra_war,Krishna; Arjuna,Kurukshetra,destiny; cosmic order; duty,A,Mahabharata (Ganguli translation),6,35,,,mild_violence,5,5,4,4,
DKS_0460,460,Krishna Returns to His Gentle Form,"Terrified and repentant, Arjuna begs Krishna to resume his familiar form; Krishna comforts him and restores him to his senses.",kurukshetra,kurukshetra_war,Krishna; Arjuna,Kurukshetra,mercy; grace; restoration,A,Mahabharata (Ganguli translation),6,35,,,all,4,4,3,4,
DKS_0461,461,Arjuna Resolves to Fight,"His delusion dispelled, Arjuna declares he will do Krishna's bidding and returns to battle.",kurukshetra,kurukshetra_war,Arjuna; Krishna,Kurukshetra,resolve; duty; return to battle,A,Mahabharata (Ganguli translation),6,42,,,all,4,3,4,4,
DKS_0462,462,Krishna's Overture to Karna,"After the Gita, Krishna approaches Karna and invites him to fight for the Pandavas until Bhishma falls, but Karna refuses out of loyalty to Duryodhana.",kurukshetra,kurukshetra_war,Krishna; Karna; Arjuna,Kurukshetra,loyalty; war strategy; friendship,A,Mahabharata (Ganguli translation),6,43,,,all,4,3,4,4,cf. mb_b_032 (pre-war offer to Karna).
DKS_0463,463,Krishna Consoles Yudhishthira After the First Day's Battle,"Distraught at Bhishma's slaughter of his army, Yudhishthira speaks of retiring to the woods; Krishna consoles him and points to Sikhandin as Bhishma's destined slayer.",kurukshetra,kurukshetra_war,Krishna; Yudhishthira; Bhishma; Sikhandin,Kurukshetra,consolation; counsel; destiny,A,Mahabharata (Ganguli translation),6,50,,,all,3,3,3,4,
DKS_0464,464,Krishna Drives Arjuna's Chariot Against Bhishma,"At Arjuna's bidding, Krishna drives the chariot straight toward Bhishma; in the ensuing duel Bhishma strikes Krishna himself between the breasts with three arrows.",kurukshetra,kurukshetra_war,Krishna; Arjuna; Bhishma,Kurukshetra,charioteer; battle; courage,A,Mahabharata (Ganguli translation),6,52,,,mild_violence,3,3,3,4,
DKS_0465,465,"Arjuna Restrains Krishna, Who Relents and Returns to the Chariot","Arjuna seizes the enraged Krishna and stops him at the tenth step, vowing not to withdraw from the fight; Krishna is gratified, returns to the chariot, and sounds the Panchajanya.",kurukshetra,kurukshetra_war,Krishna; Arjuna,Kurukshetra,restraint; vow; friendship,A,Mahabharata (Ganguli translation),6,59,,,all,3,3,3,4,
DKS_0466,466,Krishna Counsels Arjuna to Let Karna Pass,"Krishna holds Arjuna back from fighting Karna, warning that Karna still holds the infallible dart that Vasava (Indra) gave him.",kurukshetra,kurukshetra_war,Krishna; Arjuna; Karna; Satyaki,Kurukshetra,war strategy; foresight; restraint,A,Mahabharata (Ganguli translation),7,146,,,all,4,2,3,4,
DKS_0467,467,Krishna Lends His Car to Satyaki,"Krishna foresees Satyaki's need, summons his charioteer Daruka by blowing his conch, and lends his own celestial car to Satyaki for the fight with Karna.",kurukshetra,kurukshetra_war,Krishna; Satyaki; Daruka; Karna,Kurukshetra,divine aid; comradeship; foreknowledge,A,Mahabharata (Ganguli translation),7,146,,,all,4,4,3,4,
DKS_0468,468,Krishna Embraces and Praises Arjuna After the Vow,"When Arjuna's vow against Jayadratha is fulfilled, Krishna embraces him, and Arjuna credits the victory entirely to Krishna's grace.",kurukshetra,kurukshetra_war,Krishna; Arjuna,Kurukshetra,victory; grace; gratitude,A,Mahabharata (Ganguli translation),7,147,,,mild_violence,3,3,3,4,
DKS_0469,469,Krishna Shows Arjuna the Slain Battlefield,"As they ride back across the field, Krishna points out to Arjuna the fallen kings, elephants, and horses slain by his shafts.",kurukshetra,kurukshetra_war,Krishna; Arjuna,Kurukshetra,reflection; cost of war; guidance,A,Mahabharata (Ganguli translation),7,147,,,mild_violence,3,4,3,4,
DKS_0470,470,Krishna Rallies the Broken Pandava Host,"Seeing the Panchalas routed by Drona and Karna, Krishna urges Arjuna to cast away fear and advance against the two great warriors.",kurukshetra,kurukshetra_war,Krishna; Arjuna; Bhima; Drona; Karna,Kurukshetra,leadership; courage; rallying,A,Mahabharata (Ganguli translation),7,172,,,mild_violence,3,3,3,4,
DKS_0471,471,Krishna Sends Ghatotkacha Against Karna,"Krishna keeps Arjuna from Karna and instead commands the Rakshasa Ghatotkacha to fight Karna at night, so that Karna's infallible dart is spent on him.",kurukshetra,kurukshetra_war,Krishna; Arjuna; Ghatotkacha; Karna,Kurukshetra,war strategy; sacrifice; divine plan,A,Mahabharata (Ganguli translation),7,173,,,mild_violence,5,4,4,4,
DKS_0472,472,Krishna Directs Ghatotkacha to Slay Alayudha,"When Bhima is hard-pressed by the Rakshasa Alayudha, Krishna tells Ghatotkacha to abandon Karna for the moment and first slay Alayudha.",kurukshetra,kurukshetra_war,Krishna; Ghatotkacha; Bhima; Alayudha,Kurukshetra,protection; war strategy; command,A,Mahabharata (Ganguli translation),7,178,,,mild_violence,3,3,3,4,
DKS_0473,473,Krishna Rejoices at Ghatotkacha's Fall,"While the Pandavas mourn Ghatotkacha, Krishna dances and shouts for joy, then reveals the cause: Karna's infallible dart is now spent and Karna is mortal.",kurukshetra,kurukshetra_war,Krishna; Arjuna; Ghatotkacha; Karna,Kurukshetra,divine strategy; apparent callousness; revelation,A,Mahabharata (Ganguli translation),7,180,,,mild_violence,5,4,4,4,
DKS_0474,474,Krishna Recounts His Slaying of Enemy Kings,"Krishna explains to Arjuna that, for the Pandavas' good, he contrived the deaths of Jarasandha, Ekalavya, Sisupala and Ghatotkacha himself.",kurukshetra,kurukshetra_war,Krishna; Arjuna; Jarasandha; Ekalavya; Sisupala; Ghatotkacha,Kurukshetra,divine plan; protection of dharma; past deeds,A,Mahabharata (Ganguli translation),7,181,,,mild_violence,4,3,3,4,
DKS_0475,475,Krishna Explains His Protection of Arjuna,"Krishna tells Satyaki how he always shielded Arjuna from Karna's dart, stupefying Karna so the weapon was never hurled at Partha.",kurukshetra,kurukshetra_war,Krishna; Satyaki; Arjuna; Karna,Kurukshetra,protection; foresight; devotion to Arjuna,A,Mahabharata (Ganguli translation),7,181,,,all,4,2,3,3,
DKS_0476,476,Krishna Consoles the Grieving Yudhishthira,"When Yudhishthira is overwhelmed by grief at Ghatotkacha's death, Krishna urges him to rise and fight rather than sink into despondency.",kurukshetra,kurukshetra_war,Krishna; Yudhishthira,Kurukshetra,consolation; duty; fortitude,A,Mahabharata (Ganguli translation),7,183,,,all,3,2,3,4,
DKS_0477,477,Krishna Devises the Ashvatthama Stratagem,"Seeing Drona unbeatable in battle, Krishna counsels the Pandavas to abandon fair means and tell Drona that his son Ashvatthama is slain, so he will lay down his arms.",kurukshetra,kurukshetra_war,Krishna; Arjuna; Yudhishthira; Bhima; Drona,Kurukshetra,stratagem; moral compromise; war necessity,A,Mahabharata (Ganguli translation),7,191,,,mild_violence,5,3,4,4,
DKS_0478,478,Krishna Urges Yudhishthira to Speak the Untruth,"As Drona is about to annihilate the Pandava army, Krishna presses the truth-loving Yudhishthira to tell the half-truth that Ashvatthama is dead.",kurukshetra,kurukshetra_war,Krishna; Yudhishthira; Drona; Bhima,Kurukshetra,falsehood for a just end; moral dilemma; necessity,A,Mahabharata (Ganguli translation),7,191,,,mild_violence,4,2,3,4,
DKS_0479,479,Krishna Points Out Karna's Rampage and Urges Arjuna,"Krishna, as Arjuna's charioteer, shows Arjuna how Yudhishthira is being pursued and how Karna is ravaging the Pandava army, urging him to advance and slay Karna.",kurukshetra,kurukshetra_war,Krishna; Arjuna; Karna; Yudhishthira,Kurukshetra,war counsel; urgency; duty,A,Mahabharata (Ganguli translation),8,60,,,all,3,3,3,4,
DKS_0480,480,Krishna Advises Arjuna to See the Wounded King First,Krishna tells Arjuna that Yudhishthira has been deeply wounded by Karna and advises him to first see and comfort the king before slaying Karna.,kurukshetra,kurukshetra_war,Krishna; Arjuna; Yudhishthira; Karna,Kurukshetra,compassion; counsel; duty,A,Mahabharata (Ganguli translation),8,64,,,all,3,2,3,4,
DKS_0481,481,Krishna Drives Arjuna to Yudhishthira's Side,"Krishna drives the chariot at great speed to the wounded Yudhishthira, and the two Krishnas alight and worship the king's feet.",kurukshetra,kurukshetra_war,Krishna; Arjuna; Yudhishthira,Kurukshetra,devotion; reverence; fellowship,A,Mahabharata (Ganguli translation),8,65,,,all,2,3,2,4,
DKS_0482,482,Krishna Offers Sudarsana to Slay Karna,"Seeing Karna baffle Arjuna's weapons, Krishna rebukes Arjuna's slackness and offers him the razor-edged Sudarsana discus to strike off Karna's head.",kurukshetra,kurukshetra_war,Krishna; Arjuna; Karna,Kurukshetra,divine weapon; wrath; resolve,A,Mahabharata (Ganguli translation),8,89,,,mild_violence,4,4,4,4,
DKS_0483,483,Krishna Sinks the Chariot to Save Arjuna,"When Karna looses the snake-arrow Aswasena at Arjuna's head, Krishna presses the chariot down into the earth with his feet so that the arrow only sweeps off Arjuna's diadem.",kurukshetra,kurukshetra_war,Krishna; Arjuna; Karna; Aswasena,Kurukshetra,protection; divine intervention; quick-wittedness,A,Mahabharata (Ganguli translation),8,90,,,mild_violence,5,5,4,4,
DKS_0484,484,Krishna Identifies the Snake Aswasena,"Krishna names the attacking snake as Aswasena, whose mother Arjuna slew at Khandava, bids Arjuna slay it, and after Arjuna cuts it down raises the sunken chariot with his arms.",kurukshetra,kurukshetra_war,Krishna; Arjuna; Aswasena,Kurukshetra,discernment; protection; retribution,A,Mahabharata (Ganguli translation),8,90,,,mild_violence,4,4,4,4,
DKS_0485,485,Krishna Urges Arjuna to Slay the Distressed Karna,"When Arjuna hesitates to strike the stupefied Karna, Krishna urges him not to spare a fallen foe; Karna's chariot-wheel then sinks into the earth and he appeals to Arjuna's righteousness for a moment's respite.",kurukshetra,kurukshetra_war,Krishna; Arjuna; Karna,Kurukshetra,duty; ruthlessness in war; dharma; vulnerability,A,Mahabharata (Ganguli translation),8,90,,,mild_violence,4,4,4,4,
DKS_0486,486,Balarama Tries to Halt the Mace-Duel,"Hearing that Bhima and Duryodhana are locked in their final mace-duel, Balarama goes to stop the slaughter but, unable to part the two, returns to Dwaraka.",kurukshetra,kurukshetra_war,Balarama; Bhima; Duryodhana; Yudhishthira,Kurukshetra,impartiality; war; futility,A,"Srimad Bhagavata Purana (Sanskrit, GRETIL)",10,79,21-28,,all,3,4,3,5,
DKS_0487,487,Kunti's Farewell Hymn to Krishna,"As Krishna prepares to leave Hastinapura for Dwaraka, Queen Kunti offers a parting eulogy recalling how he saved her family from poison, fire, exile and weapons, and asks only that his remembrance ever bind her; Krishna smiles and grants her prayer.",later_life,post_war_krishna,Krishna; Kunti; Yudhishthira,Hastinapura,devotion; gratitude; farewell; protection,A,"Srimad Bhagavata Purana (Sanskrit, GRETIL)",1,8,16-44,,all,3,2,2,5,
DKS_0488,488,Krishna Departs Hastinapura for Dwaraka,"After restoring Yudhishthira to the throne and staying some months to comfort his relatives, Krishna takes leave of the grieving Pandavas and women of Hastinapura and sets out for Dwaraka, journeying through many kingdoms.",later_life,post_war_krishna,Krishna; Yudhishthira; Kunti; Draupadi; Subhadra,Hastinapura; the road to Dwaraka,farewell; separation; friendship,A,"Srimad Bhagavata Purana (Sanskrit, GRETIL)",1,10,6-35,,all,3,3,3,5,
DKS_0489,489,Krishna's Homecoming to Dwaraka,"Krishna reaches his own prosperous realm of Anarta, sounds his conch, and is welcomed by the joyful citizens, his father Vasudeva, Balarama, Ugrasena and his queens, who receive him with offerings and embrace.",later_life,post_war_krishna,Krishna; Vasudeva; Balarama; Ugrasena; Devaki; the citizens of Dwaraka,Dwaraka,homecoming; joy; family; welcome,A,"Srimad Bhagavata Purana (Sanskrit, GRETIL)",1,11,1-33,,all,3,4,3,5,
DKS_0490,490,Vyasa Consoles Arjuna and Parikshit Is Enthroned,"Vyasa tells Arjuna that Krishna's departure was the will of time and recounts Ashtavakra's curse on the Apsarasas; Arjuna installs Vajra in Mathura, and the Pandavas place Parikshit on the throne.",later_life,post_war_krishna,Vyasa; Arjuna; Vajra; Parikshit,Mathura; forest,consolation; time; succession,A,Vishnu Purana (Wilson 1840),5,38,,,all,3,2,2,4,cf. vp5_038_01 (Dwaraka sinks).
DKS_0491,491,The Pilgrimage to Samanta-panchaka,"On the occasion of a solar eclipse, the Yadavas journey to Samanta-panchaka to bathe and give gifts, and there a vast reunion of kings and kinsfolk takes place.",later_life,post_war_krishna,Krishna; Balarama; Vasudeva; the Yadavas,Samanta-panchaka (Kurukshetra),pilgrimage; reunion; eclipse,A,"Srimad Bhagavata Purana (Sanskrit, GRETIL)",10,82,1-15,,all,3,4,3,5,
DKS_0492,492,Reunion with Nanda and Yashoda,"Nanda and the cowherds arrive, and Krishna, Balarama, Yashoda, Devaki and Rohini embrace one another, recalling the old days in Gokula.",later_life,post_war_krishna,Krishna; Balarama; Nanda; Yashoda; Vasudeva; Devaki; Rohini,Samanta-panchaka,reunion; parental love; nostalgia,A,"Srimad Bhagavata Purana (Sanskrit, GRETIL)",10,82,30-37,,all,4,4,3,5,
DKS_0493,493,Krishna's Counsel to the Gopis,"Krishna meets the gopis, who have long pined for him, embraces them, and teaches them that all beings abide in him, and that their love for him grants immortality.",later_life,post_war_krishna,Krishna; the gopis,Samanta-panchaka,devotion; divine love; teaching,A,"Srimad Bhagavata Purana (Sanskrit, GRETIL)",10,82,38-47,,all,4,3,3,5,
DKS_0494,494,Nanda's Farewell,"Vasudeva, overcome with love, laments that riches blinded him to old friends, and Nanda, honored by the Yadavas with rich gifts, departs for Mathura with the cowherds.",later_life,post_war_krishna,Vasudeva; Nanda; Krishna; Balarama; Uddhava,Samanta-panchaka,friendship; gratitude; parting,A,"Srimad Bhagavata Purana (Sanskrit, GRETIL)",10,84,58-69,,all,4,3,3,5,
DKS_0495,495,Krishna Sports with His Sixteen Thousand Wives,"Krishna sports in the lakes with his sixteen thousand wives, splashing and being splashed, while the women's songs of longing express their single-hearted devotion.",later_life,post_war_krishna,Krishna; the sixteen thousand queens,Dwaraka,divine play; love; beauty,A,"Srimad Bhagavata Purana (Sanskrit, GRETIL)",10,90,1-24,,mild_violence,3,5,3,5,
DKS_0496,496,Krishna Substitutes an Iron Statue for Bhima,"Sensing Dhritarashtra's murderous intent, Krishna drags away the real Bhima and substitutes an iron statue, which the blind king crushes in his embrace; Krishna then reveals the trick and consoles him.",later_life,post_war_krishna,Krishna; Dhritarashtra; Bhima,Kurukshetra; banks of the Ganga,protection; foresight; compassion,A,Mahabharata (Ganguli translation),11,12,,,mild_violence,5,4,5,4,
DKS_0497,497,Krishna Counsels Dhritarashtra to Govern His Wrath,Krishna admonishes Dhritarashtra that his sorrow is his own fault and urges him to restrain his wrath; the king is pacified and embraces and blesses the Pandavas.,later_life,post_war_krishna,Krishna; Dhritarashtra; Bhima; Arjuna,Kurukshetra,counsel; forgiveness; reconciliation,A,Mahabharata (Ganguli translation),11,13,,,all,4,2,3,4,
DKS_0498,498,Gandhari Curses Krishna; He Accepts with a Smile,"Grieving her sons, Gandhari curses Krishna that in the thirty-sixth year he will see his own kinsmen slain and himself perish in the wilderness; Krishna, smiling, accepts that only the Vrishnis themselves can destroy the Vrishnis.",later_life,post_war_krishna,Krishna; Gandhari,Kurukshetra,curse; destiny; acceptance,A,Mahabharata (Ganguli translation),11,25,,,all,5,3,4,4,Gandhari's curse; cf. mb_d_013 (the sages' curse).
DKS_0499,499,Krishna Rebukes Gandhari,"Krishna tells Gandhari to arise and not grieve, declaring the carnage came through her own fault and Duryodhana's wickedness, not through him.",later_life,post_war_krishna,Krishna; Gandhari,Kurukshetra,truth-telling; rebuke; accountability,A,Mahabharata (Ganguli translation),11,26,,,all,3,2,3,4,
DKS_0500,500,Arjuna Asks Krishna to Repeat the Gita; Krishna Offers the Anugita,"After the war, Arjuna confesses he has forgotten the Gita's teaching and asks Krishna to repeat it; Krishna says he cannot recite it again in detail and instead narrates an old history (the Anugita).",later_life,post_war_krishna,Krishna; Arjuna,Hastinapura,teaching; forgetfulness; divine counsel,A,Mahabharata (Ganguli translation),14,16,,,all,4,2,3,4,
DKS_0501,501,Krishna's Final Instruction to Uddhava,"Uddhava recalls how, as the Yadavas destroyed themselves, Krishna sat at the foot of an ashvattha tree and, finding Uddhava there, granted him the ancient teaching and the supreme state, commanding him to go to Badari.",later_life,uddhava_and_teachings,Krishna; Uddhava,the bank of the Sarasvati; at the foot of an ashvattha tree,the final teaching; the supreme state; grace,A,"Srimad Bhagavata Purana (Sanskrit, GRETIL)",3,4,2-18,,all,4,3,3,5,The final teaching; cf. Uddhava's departure cluster (bpc1_024).
DKS_0502,502,Krishna Sends Uddhava to Vrindavan,"Krishna charges Uddhava with a message to console Nanda, Yashoda and the pining gopis.",mathura,uddhava_and_teachings,Krishna; Uddhava,Mathura,mission; message,A,"Srimad Bhagavata Purana (Sanskrit, GRETIL)",10,46,1-6,,all,3,3,3,5,
DKS_0503,503,Uddhava Arrives in Vrindavan and Nanda Longs for Krishna,"Uddhava reaches Vrindavan at dusk, is honored by Nanda, who asks after Krishna and remembers his deeds.",vrindavan,uddhava_and_teachings,Uddhava; Nanda; Yashoda,Vrindavan,remembrance; longing,A,"Srimad Bhagavata Purana (Sanskrit, GRETIL)",10,46,7-28,,all,4,4,3,5,
DKS_0504,504,Uddhava Begs Krishna Not to Leave Him Behind,"Seeing the fearful omens in Dwaraka and Krishna's intention to depart, Uddhava falls at his feet and pleads that he cannot bear to be separated even for a moment and begs to be taken along; Krishna, granting his wish, begins to instruct him.",later_life,uddhava_and_teachings,Krishna; Uddhava,Dwaraka,devotion; separation; guru-disciple; teaching,A,"Srimad Bhagavata Purana (Sanskrit, GRETIL)",11,6,39-49,,all,3,2,2,5,
DKS_0505,505,Yadu Meets the Wandering Avadhuta,"King Yadu meets a serene, fearless brahmin avadhuta and, astonished at his freedom, asks how he attained such wisdom; the avadhuta answers that he has twenty-four gurus from whom he drew his understanding.",other,uddhava_and_teachings,Krishna; Uddhava; King Yadu; the avadhuta brahmin,a forest road,wisdom; detachment; guru; teaching,A,"Srimad Bhagavata Purana (Sanskrit, GRETIL)",11,7,23-35,,all,3,3,3,5,
DKS_0506,506,The Avadhuta's Lessons from the Elements,"The avadhuta relates what he learned from the earth, wind, sky, water, fire, moon and sun: forbearance, detachment, unaffectedness, purity, untaintedness, waxing and waning, and the one soul reflected in many bodies.",other,uddhava_and_teachings,Krishna; Uddhava; the avadhuta,(teaching),forbearance; detachment; purity; non-attachment,A,"Srimad Bhagavata Purana (Sanskrit, GRETIL)",11,7,36-50,,all,3,2,3,5,
DKS_0507,507,The Pigeon and the Hunter's Net,"A pigeon so bound to his mate and chicks that when a hunter's net traps his family he casts himself into the same net and perishes with them, teaching Krishna's hearers that clinging to home and family destroys.",other,uddhava_and_teachings,the pigeon; the pigeon's mate; the chicks; the hunter,a forest tree,attachment; grief; the snare of home; cautionary tale,A,"Srimad Bhagavata Purana (Sanskrit, GRETIL)",11,7,51-73,,all,4,4,4,5,
DKS_0508,508,The Python's Contentment and the Ocean's Depth,"The avadhuta learns from the python to accept whatever food chance brings without striving, and from the ocean to remain deep, full and unmoved whether rivers pour in or not.",other,uddhava_and_teachings,the avadhuta; the python; the ocean,(teaching),contentment; equanimity; stillness,A,"Srimad Bhagavata Purana (Sanskrit, GRETIL)",11,8,1-5,,all,3,2,3,5,
DKS_0509,509,The Moth and the Bee,"From the moth, which perishes in the flame, the avadhuta learns that desire for a woman's beauty destroys; from the bee he learns to take only the essence from many flowers without storing anything up.",other,uddhava_and_teachings,the avadhuta; the moth; the bee,(teaching),desire; non-hoarding; taking the essence,A,"Srimad Bhagavata Purana (Sanskrit, GRETIL)",11,8,6-11,,all,3,2,3,5,
DKS_0510,510,"The Elephant, the Honey-Gatherer, the Deer and the Fish","The avadhuta learns from the elephant, ensnared by lust for the decoy she-elephant, from the honey-gatherer, whose hoard others enjoy, from the deer, snared while listening to music, and from the fish, hooked through the tongue, how the senses lead one to ruin.",other,uddhava_and_teachings,the avadhuta; the elephant; the honey-gatherer; the deer; the fish,(teaching),lust; sense-control; the tongue; ruin,A,"Srimad Bhagavata Purana (Sanskrit, GRETIL)",11,8,12-20,,all,3,3,3,5,
DKS_0511,511,Pingala the Courtesan's Renunciation,"The courtesan Pingala, waiting through the night for a client who never comes, is seized with disgust at her own longing, renounces it, and sleeps in peace, teaching that hope is the worst of pains and despair the highest joy.",other,uddhava_and_teachings,Pingala; the avadhuta,the city of Videha,renunciation; hope; disillusionment; peace,A,"Srimad Bhagavata Purana (Sanskrit, GRETIL)",11,8,21-43,,all,4,3,4,5,
DKS_0512,512,"The Osprey, the Child, the Maiden and the Arrow-Maker","The avadhuta learns from the osprey (letting go of prey seized by stronger birds), the child (freedom from care), the maiden (solitude — she broke her bangles one by one to stop their clinking), and the arrow-maker (one-pointed concentration).",other,uddhava_and_teachings,the avadhuta; the osprey; the child; the maiden; the arrow-maker,(teaching),renunciation; solitude; concentration; innocence,A,"Srimad Bhagavata Purana (Sanskrit, GRETIL)",11,9,1-12,,all,3,3,3,5,
DKS_0513,513,"The Serpent, the Spider and the Wasp","The avadhuta learns from the serpent (dwelling in another's abandoned hole, homeless), from the spider (who spins the web from himself and withdraws it again), and from the wasp (who becomes what it meditates upon).",other,uddhava_and_teachings,the avadhuta; the serpent; the spider; the wasp,(teaching),homelessness; creation and withdrawal; meditation,A,"Srimad Bhagavata Purana (Sanskrit, GRETIL)",11,9,13-22,,all,3,3,3,5,
DKS_0514,514,The Swan Teaches the Kumaras,"Asked by his disciples about the swan form, Krishna recounts how Brahma's sons Sanaka and the others, unable to get an answer from Brahma, were taught by Krishna himself appearing as a swan (hamsa), who resolved their doubt.",other,uddhava_and_teachings,Krishna (as the swan); the Sanaka Kumaras; Brahma; Uddhava,Brahma's abode,divine teaching; the swan; self-knowledge,A,"Srimad Bhagavata Purana (Sanskrit, GRETIL)",11,13,15-41,,all,3,3,2,5,
DKS_0515,515,The Miserly Brahmin of Avanti,"A wealthy but miserly brahmin of Avanti, spurned by his own relatives and stripped of his wealth, is seized with dispassion, becomes a wandering mendicant, and, enduring the mockery and blows of the crowd, sings the song of the mendicant: the mind alone is the cause of joy and sorrow.",other,uddhava_and_teachings,the Avanti brahmin; the townspeople,Avanti; roads and villages,greed; renunciation; forbearance; the mind,A,"Srimad Bhagavata Purana (Sanskrit, GRETIL)",11,23,5-60,,all,4,3,4,5,
DKS_0516,516,Pururava's Lament for Urvashi,"King Pururava (Aila), mad with grief when the nymph Urvashi leaves him, pursues her naked and weeping; realizing his delusion, he sings the song of Aila on the futility of attachment to women, and attains peace.",other,uddhava_and_teachings,Pururava (Aila); Urvashi,a forest; the royal court,attachment; delusion; detachment; women,A,"Srimad Bhagavata Purana (Sanskrit, GRETIL)",11,26,3-24,,all,4,3,4,5,
DKS_0517,517,Krishna Sends Uddhava to Badarikashrama,"Krishna commands Uddhava to leave for his hermitage at Badarikashrama and abide in the teaching he has received; the grief-stricken Uddhava circumambulates him, places his feet upon his own head, and departs bearing Krishna's sandals.",later_life,uddhava_and_teachings,Krishna; Uddhava,Dwaraka; the road to Badarikashrama,farewell; the final teaching; separation; devotion,A,"Srimad Bhagavata Purana (Sanskrit, GRETIL)",11,29,40-47,,all,4,3,3,5,
DKS_0518,518,"Narada Prophesies the Ocean Will Swallow Dwarka || Before departing, Narada prophesies that Krishna, having fulfilled the gods' work, will let the ocean inundate Dwarka and Bhogavati, and will be united with Narayana.","Before departing, Narada prophesies that Krishna, having fulfilled the gods' work, will let the ocean inundate Dwarka and Bhogavati, and will be united with Narayana.",dwaraka,end_of_yadavas,Narada; Krishna,Dwarka,prophecy; foreshadowing; destiny,A,"Harivamsha (Dutt, Gutenberg #61937)",1,249,,,all,2,2,2,4,
DKS_0519,519,The Sages Curse Samba and the Yadavas,"Yadu boys dress Samba as a pregnant woman and ask the visiting sages what 'she' will bear; the angered sages curse that he will bring forth an iron mace to destroy the clan, and the mace appears, is ground and cast into the sea, and its remaining iron, swallowed by a fish, later becomes the hunter's arrow.",dwaraka,end_of_yadavas,Krishna; Samba; the Yadu boys; the sages; Ugrasena,Dwaraka; the seashore,curse; fate; arrogance; the iron mace,A,"Srimad Bhagavata Purana (Sanskrit, GRETIL)",11,1,13-23,,all,5,4,4,5,
DKS_0520,520,"Krishna Foresees the Yadavas' Self-Destruction || Uddhava recalls Krishna's deliberation that the Yadu warriors, themselves the remaining burden of the earth, could be destroyed in no other way than by their own quarrel, and that when he acted, they would destroy themselves.","Uddhava recalls Krishna's deliberation that the Yadu warriors, themselves the remaining burden of the earth, could be destroyed in no other way than by their own quarrel, and that when he acted, they would destroy themselves.",dwaraka,end_of_yadavas,Krishna; the Yadavas,Dwaraka,fate; divine design; the removal of the burden,A,"Srimad Bhagavata Purana (Sanskrit, GRETIL)",3,3,13-14,,all,3,2,3,5,Recall; cross-ref the Yadavas' self-destruction (vp5_037_03).
DKS_0521,521,Sesha Departs from Balarama,"As Krishna watches, the great serpent Sesha issues from Balarama's mouth and enters the ocean, hymned by saints and serpents, and Ocean comes forth to receive him.",dwaraka,end_of_yadavas,Balarama; Sesha; Krishna; Daruha,Prabhasa; ocean,departure; divine_essence,A,Vishnu Purana (Wilson 1840),5,37,,,all,4,5,3,4,
DKS_0522,522,The Yadavas Journey to Prabhasa,"Seeing the terrible omens rising in Dwaraka, Krishna tells the Yadava elders to leave at once for the holy tirtha of Prabhasa, and they cross the sea in boats and chariots to worship there.",later_life,end_of_yadavas,Krishna; the Yadava elders,Dwaraka; Prabhasa,omen; fate; pilgrimage; departure,A,"Srimad Bhagavata Purana (Sanskrit, GRETIL)",11,30,4-10,,all,3,3,3,5,"Command (Bhagavata 11.30, Mahabharata 16.2) and execution (Bhagavata 3.3) of the same journey."
DKS_0523,523,The Yadava Fratricide at Prabhasa,"Drunk on maireya wine at Prabhasa, the Yadavas, deluded by Krishna's maya and the brahmins' curse, fall upon one another, and when their weapons fail they seize the eraka reeds — which have become iron clubs — and annihilate one another; Balarama then yields up his body in yoga.",later_life,end_of_yadavas,Krishna; Balarama; the Yadavas,Prabhasa,destruction; drunkenness; the curse; fratricide,A,"Srimad Bhagavata Purana (Sanskrit, GRETIL)",11,30,11-25,,mild_violence,5,5,4,5,
DKS_0524,524,Samva Brings Forth the Iron Bolt; Wine Is Prohibited,"The next day Samva brings forth the iron bolt; king Ugrasena has it ground to powder and cast into the sea, and at the command of Krishna, Rama and others a prohibition on wine is proclaimed throughout Dwaraka.",later_life,end_of_yadavas,Samva; Ugrasena; Krishna; Rama; Vabhru,Dwaraka,curse fulfilled; foreboding; prohibition,A,Mahabharata (Ganguli translation),16,1,,,all,3,3,3,4,cf. mb_d_013.
DKS_0525,525,Krishna Sends Daruka for Arjuna; Vabhru Is Slain,"Krishna sends Daruka to summon Arjuna and commands Vabhru to protect the women; Vabhru, still dazed with wine, is slain by the iron bolt that springs from a hunter's mallet.",later_life,end_of_yadavas,Krishna; Daruka; Vabhru; Arjuna,Prabhasa,farewell; protection; curse fulfilled,A,Mahabharata (Ganguli translation),16,4,,,mature,4,4,3,4,cf. bpc1_028 (Daruka's errand).
DKS_0526,526,Arjuna Brings News of the Yadava End,"Arjuna returns from Dwaraka broken and weeping and tells Yudhishthira how the Yadavas, deluded by a brahmin's curse and drunk on wine, slew one another with their fists, and how Krishna then departed the earth, after which the Kali age set in.",later_life,krishna_departure,Krishna; Arjuna; Yudhishthira; Kunti; the Yadavas,Dwaraka; Hastinapura,destruction; separation; the Kali age; fate,A,"Srimad Bhagavata Purana (Sanskrit, GRETIL)",1,15,1-35,,all,4,3,4,5,Arjuna's report of the Yadava end; cf. bpc1_030.
DKS_0527,527,Vidura Meets the Grieving Uddhava,"On the banks of the Yamuna, Vidura meets Uddhava, who is plunged in grief and remembrance of Krishna's departure, and hears him lament that the Yadavas never recognized the Lord who dwelt among them.",other,krishna_departure,Uddhava; Vidura,the bank of the Yamuna,grief; remembrance; separation; frame narrative,A,"Srimad Bhagavata Purana (Sanskrit, GRETIL)",3,2,1-20,,all,3,2,2,5,
DKS_0528,528,The Abhiras Rob Arjuna,"Leading Krishna's widowed wives and wealth from Dwaraka, Arjuna is set upon by Abhira robbers; his bow Gandiva goes slack, his weapons fail, and the thieves carry off the women and treasure.",later_life,krishna_departure,Arjuna; Abhiras,Panchanada,decline; loss; fate,A,Vishnu Purana (Wilson 1840),5,38,,,all,4,3,3,4,Aftermath of the submergence; cf. bpc1_030.
DKS_0529,529,Brahma and the Gods Urge Krishna to Return to His Abode,"After one hundred and twenty-five years, Brahma and the assembled gods come to Dwaraka, praise Krishna, and remind him that the earth's burden is lifted and his clan is nearly consumed by the curse, asking him to return to his own abode.",later_life,krishna_departure,Krishna; Brahma; Shiva; the gods,Dwaraka,divine counsel; fulfilment; departure,A,"Srimad Bhagavata Purana (Sanskrit, GRETIL)",11,6,19-31,,all,3,3,3,5,Prefigures the departure; cf. bpc1_029.
DKS_0530,530,The Hunter Jara Shoots Krishna's Foot,"After the Yadavas' destruction, Krishna sits in meditation at the foot of a pippala tree; the hunter Jara, mistaking Krishna's foot for a deer's, shoots it with the arrow made from the mace's iron, then, seeing the four-armed Lord, falls at his feet in terror.",later_life,krishna_departure,Krishna; the hunter Jara; Balarama,a forest near Prabhasa; at the foot of a pippala tree,fate; the hunter's arrow; divine play; forgiveness,A,"Srimad Bhagavata Purana (Sanskrit, GRETIL)",11,30,26-39,,mild_violence,5,5,4,5,Vishnu Purana (5.37) condenses the shooting with the forgiveness and departure.
DKS_0531,531,Krishna's Last Message to Daruka,"Krishna consoles the hunter, granting him heaven, and when his charioteer Daruka weeps at his feet, sends him to Dwaraka with the final message: the Yadavas are destroyed, Balarama is gone, and the sea will swallow Dwaraka, so let the people follow Arjuna to Indraprastha.",later_life,krishna_departure,Krishna; Daruka; Jara; Arjuna,the forest near Prabhasa,the final message; compassion; the coming flood,A,"Srimad Bhagavata Purana (Sanskrit, GRETIL)",11,30,38-49,,all,4,3,3,5,cf. mb_d_019; follows the shooting (bpc1_027).
DKS_0532,532,Krishna's Final Departure / Ascension,"As Brahma, Shiva and the hosts of gods watch, Krishna, seeing Brahma before him, closes his lotus eyes, draws his opulences into himself, consumes his body with the fire of yoga, and enters his own abode, his path unfathomable even to the gods.",later_life,krishna_departure,Krishna; Brahma; Shiva; the gods,the forest near Prabhasa,departure; yogic fire; the return to the abode; divine mystery,A,"Srimad Bhagavata Purana (Sanskrit, GRETIL)",11,31,1-8,,all,5,5,4,5,Mahabharata's account also includes comforting the hunter Jara.
DKS_0533,533,The Sea Swallows Dwaraka,"After Krishna's departure, his queens and family ascend the funeral pyres, Arjuna performs the last rites, and the sea floods and swallows Dwaraka — all but the Lord's own dwelling; Arjuna leads the survivors to Indraprastha and installs Vajra.",later_life,krishna_departure,Arjuna; Rukmini; Devaki; Vasudeva; Vajra,Dwaraka; Indraprastha,grief; the flood; the end of an era; succession,A,"Srimad Bhagavata Purana (Sanskrit, GRETIL)",11,31,14-24,,mild_violence,4,5,4,5,Includes the queens' pyres and Arjuna's last rites; Bhagavata adds installing Vajra.
DKS_0534,534,Krishna Entrusts the Women to Vasudeva,"Krishna returns to Dwaraka, tells his father Vasudeva to protect the women until Arjuna comes, touches his father's feet, and retraces his steps to comfort the wailing ladies.",later_life,krishna_departure,Krishna; Vasudeva; Arjuna,Dwaraka,farewell; filial duty; compassion,A,Mahabharata (Ganguli translation),16,4,,,all,4,3,3,4,
DKS_0535,535,Vrikasura's Lethal Boon from Shiva,"The asura Vrikasura wins from Shiva the boon that whoever's head he touches will die, then tries to test it on Shiva himself, who flees in terror to Vaikuntha.",other,other,Vrikasura; Shiva; Narada; Vishnu,Kedara; Vaikuntha,boon; ingratitude; terror,A,"Srimad Bhagavata Purana (Sanskrit, GRETIL)",10,88,12-27,,all,4,4,4,5,cf. bp10d_048 (Vishnu's rescue of Shiva).
DKS_0536,536,Vishnu Saves Shiva from Vrikasura,"Vishnu, appearing as a young brahmachari, tricks Vrikasura into touching his own head, and the asura destroys himself, freeing Shiva.",other,other,Vishnu; Vrikasura; Shiva,Vaikuntha,divine cunning; protection; justice,A,"Srimad Bhagavata Purana (Sanskrit, GRETIL)",10,88,28-38,,mild_violence,4,5,4,5,cf. bp10d_047.
DKS_0537,537,Bhrigu Tests the Three Gods,"Sent by the sages to test who is greatest, Bhrigu finds Brahma and Shiva angered, but Vishnu, far from being offended, apologizes and serves him, proving Vishnu supreme.",other,other,Bhrigu; Brahma; Shiva; Vishnu,Brahmaloka; Kailasa; Vaikuntha,supremacy; forbearance; test,A,"Srimad Bhagavata Purana (Sanskrit, GRETIL)",10,89,1-18,,all,4,4,4,5,
